😀	grinning face	Smileys & Emotion		cheerful|cheery|face|grin|grinning|happy|laugh|nice|smile|smiling|teeth
😃	grinning face with big eyes	Smileys & Emotion		awesome|big|eyes|face|grin|grinning|happy|mouth|open|smile|smiling|teeth|yay
😄	grinning face with smiling eyes	Smileys & Emotion		eye|eyes|face|grin|grinning|happy|laugh|lol|mouth|open|smile|smiling
😁	beaming face with smiling eyes	Smileys & Emotion		beaming|eye|eyes|face|grin|grinning|happy|nice|smile|smiling|teeth
😆	grinning squinting face	Smileys & Emotion		closed|eyes|face|grinning|haha|hahaha|happy|laugh|lol|mouth|open|rofl|smile|smiling|squinting
😅	grinning face with sweat	Smileys & Emotion		cold|dejected|excited|face|grinning|mouth|nervous|open|smile|smiling|stress|stressed|sweat
🤣	rolling on the floor laughing	Smileys & Emotion		crying|face|floor|funny|haha|happy|hehe|hilarious|joy|laugh|lmao|lol|rofl|roflmao|rolling|tear
😂	face with tears of joy	Smileys & Emotion		crying|face|feels|funny|haha|happy|hehe|hilarious|joy|laugh|lmao|lol|rofl|roflmao|tear
🙂	slightly smiling face	Smileys & Emotion		face|happy|slightly|smile|smiling
🙃	upside-down face	Smileys & Emotion		face|hehe|smile|upside-down
🫠	melting face	Smileys & Emotion		disappear|dissolve|embarrassed|face|haha|heat|hot|liquid|lol|melt|melting|sarcasm|sarcastic
🫫	cracking face	Smileys & Emotion		breaking|crumbling|masking|resilience|reveal|tension|transformation
😉	winking face	Smileys & Emotion		face|flirt|heartbreaker|sexy|slide|tease|wink|winking|winks
😊	smiling face with smiling eyes	Smileys & Emotion		blush|eye|eyes|face|glad|satisfied|smile|smiling
😇	smiling face with halo	Smileys & Emotion		angel|angelic|angels|blessed|face|fairy|fairytale|fantasy|halo|happy|innocent|peaceful|smile|smiling|spirit|tale
🥰	smiling face with hearts	Smileys & Emotion		3|adore|crush|face|heart|hearts|ily|love|romance|smile|smiling|you
😍	smiling face with heart-eyes	Smileys & Emotion		143|bae|eye|face|feels|heart-eyes|hearts|ily|kisses|love|romance|romantic|smile|xoxo
🤩	star-struck	Smileys & Emotion		excited|eyes|face|grinning|smile|star|star-struck|starry-eyed|wow
😘	face blowing a kiss	Smileys & Emotion		adorbs|bae|blowing|face|flirt|heart|ily|kiss|love|lover|miss|muah|romantic|smooch|xoxo|you
😗	kissing face	Smileys & Emotion		143|date|dating|face|flirt|ily|kiss|love|smooch|smooches|xoxo|you
☺️	smiling face	Smileys & Emotion		face|happy|outlined|relaxed|smile|smiling
😚	kissing face with closed eyes	Smileys & Emotion		143|bae|blush|closed|date|dating|eye|eyes|face|flirt|ily|kisses|kissing|smooches|xoxo
😙	kissing face with smiling eyes	Smileys & Emotion		143|closed|date|dating|eye|eyes|face|flirt|ily|kiss|kisses|kissing|love|night|smile|smiling
🥲	smiling face with tear	Smileys & Emotion		face|glad|grateful|happy|joy|pain|proud|relieved|smile|smiley|smiling|tear|touched
😋	face savoring food	Smileys & Emotion		delicious|eat|face|food|full|hungry|savor|smile|smiling|tasty|um|yum|yummy
😛	face with tongue	Smileys & Emotion		awesome|cool|face|nice|party|stuck-out|sweet|tongue
😜	winking face with tongue	Smileys & Emotion		crazy|epic|eye|face|funny|joke|loopy|nutty|party|stuck-out|tongue|wacky|weirdo|wink|winking|yolo
🤪	zany face	Smileys & Emotion		crazy|eye|eyes|face|goofy|large|small|zany
😝	squinting face with tongue	Smileys & Emotion		closed|eye|eyes|face|gross|horrible|omg|squinting|stuck-out|taste|tongue|whatever|yolo
🤑	money-mouth face	Smileys & Emotion		face|money|money-mouth|mouth|paid
🤗	smiling face with open hands	Smileys & Emotion		face|hands|hug|hugging|open|smiling
🤭	face with hand over mouth	Smileys & Emotion		face|giggle|giggling|hand|mouth|oops|realization|secret|shock|sudden|surprise|whoops
🫢	face with open eyes and hand over mouth	Smileys & Emotion		amazement|awe|disbelief|embarrass|eyes|face|gasp|hand|mouth|omg|open|over|quiet|scared|shock|surprise
🫣	face with peeking eye	Smileys & Emotion		captivated|embarrass|eye|face|hide|hiding|peek|peeking|peep|scared|shy|stare
🤫	shushing face	Smileys & Emotion		face|quiet|shh|shush|shushing
🤔	thinking face	Smileys & Emotion		chin|consider|face|hmm|ponder|pondering|thinking|wondering
🫡	saluting face	Smileys & Emotion		face|good|luck|ma’am|ok|respect|salute|saluting|sir|troops|yes
🤐	zipper-mouth face	Smileys & Emotion		face|keep|mouth|quiet|secret|shut|zip|zipper|zipper-mouth
🤨	face with raised eyebrow	Smileys & Emotion		disapproval|disbelief|distrust|emoji|eyebrow|face|hmm|mild|raised|skeptic|skeptical|skepticism|surprise|what
😐	neutral face	Smileys & Emotion		awkward|blank|deadpan|expressionless|face|fine|jealous|meh|neutral|oh|shade|straight|unamused|unhappy|unimpressed|whatever
😑	expressionless face	Smileys & Emotion		awkward|dead|expressionless|face|fine|inexpressive|jealous|meh|not|oh|omg|straight|uh|unhappy|unimpressed|whatever
😶	face without mouth	Smileys & Emotion		awkward|blank|expressionless|face|mouth|mouthless|mute|quiet|secret|silence|silent|speechless
🫥	dotted line face	Smileys & Emotion		depressed|disappear|dotted|face|hidden|hide|introvert|invisible|line|meh|whatever|wtv
😶‍🌫️	face in clouds	Smileys & Emotion		absentminded|clouds|face|fog|head
😏	smirking face	Smileys & Emotion		boss|dapper|face|flirt|homie|kidding|leer|shade|slick|sly|smirk|smug|snicker|suave|suspicious|swag
😒	unamused face	Smileys & Emotion		...|bored|face|fine|jealous|jel|jelly|pissed|smh|ugh|uhh|unamused|unhappy|weird|whatever
🙄	face with rolling eyes	Smileys & Emotion		eyeroll|eyes|face|rolling|shade|ugh|whatever
😬	grimacing face	Smileys & Emotion		awk|awkward|dentist|face|grimace|grimacing|grinning|smile|smiling
😮‍💨	face exhaling	Smileys & Emotion		blow|blowing|exhale|exhaling|exhausted|face|gasp|groan|relief|sigh|smiley|smoke|whisper|whistle
🤥	lying face	Smileys & Emotion		face|liar|lie|lying|pinocchio
🫨	shaking face	Smileys & Emotion		crazy|daze|earthquake|face|omg|panic|shaking|shock|surprise|vibrate|whoa|wow
🙂‍↔️	head shaking horizontally	Smileys & Emotion		head|horizontally|no|shake|shaking
🙂‍↕️	head shaking vertically	Smileys & Emotion		head|nod|shaking|vertically|yes
😌	relieved face	Smileys & Emotion		calm|face|peace|relief|relieved|zen
😔	pensive face	Smileys & Emotion		awful|bored|dejected|died|disappointed|face|losing|lost|pensive|sad|sucks
😪	sleepy face	Smileys & Emotion		crying|face|good|night|sad|sleep|sleeping|sleepy|tired
🤤	drooling face	Smileys & Emotion		drooling|face
😴	sleeping face	Smileys & Emotion		bed|bedtime|face|good|goodnight|nap|night|sleep|sleeping|tired|whatever|yawn|zzz
🫩	face with bags under eyes	Smileys & Emotion		bags|bored|exhausted|eyes|face|fatigued|late|sleepy|tired|weary
😷	face with medical mask	Smileys & Emotion		cold|dentist|dermatologist|doctor|dr|face|germs|mask|medical|medicine|sick
🤒	face with thermometer	Smileys & Emotion		face|ill|sick|thermometer
🤕	face with head-bandage	Smileys & Emotion		bandage|face|head-bandage|hurt|injury|ouch
🤢	nauseated face	Smileys & Emotion		face|gross|nasty|nauseated|sick|vomit
🤮	face vomiting	Smileys & Emotion		barf|ew|face|gross|puke|sick|spew|throw|up|vomit|vomiting
🤧	sneezing face	Smileys & Emotion		face|fever|flu|gesundheit|sick|sneeze|sneezing
🥵	hot face	Smileys & Emotion		dying|face|feverish|heat|hot|panting|red-faced|stroke|sweating|tongue
🥶	cold face	Smileys & Emotion		blue|blue-faced|cold|face|freezing|frostbite|icicles|subzero|teeth
🥴	woozy face	Smileys & Emotion		dizzy|drunk|eyes|face|intoxicated|mouth|tipsy|uneven|wavy|woozy
😵	face with crossed-out eyes	Smileys & Emotion		crossed-out|dead|dizzy|eyes|face|feels|knocked|out|sick|tired
😵‍💫	face with spiral eyes	Smileys & Emotion		confused|dizzy|eyes|face|hypnotized|omg|smiley|spiral|trouble|whoa|woah|woozy
🤯	exploding head	Smileys & Emotion		blown|explode|exploding|head|mind|mindblown|no|shocked|way
🤠	cowboy hat face	Smileys & Emotion		cowboy|cowgirl|face|hat
🥳	partying face	Smileys & Emotion		bday|birthday|celebrate|celebration|excited|face|happy|hat|hooray|horn|party|partying
🥸	disguised face	Smileys & Emotion		disguise|eyebrow|face|glasses|incognito|moustache|mustache|nose|person|spy|tache|tash
😎	smiling face with sunglasses	Smileys & Emotion		awesome|beach|bright|bro|chilling|cool|face|rad|relaxed|shades|slay|smile|style|sunglasses|swag|win
🤓	nerd face	Smileys & Emotion		brainy|clever|expert|face|geek|gifted|glasses|intelligent|nerd|smart
🧐	face with monocle	Smileys & Emotion		classy|face|fancy|monocle|rich|stuffy|wealthy
😕	confused face	Smileys & Emotion		befuddled|confused|confusing|dunno|face|frown|hm|meh|not|sad|sorry|sure
🫤	face with diagonal mouth	Smileys & Emotion		confused|confusion|diagonal|disappointed|doubt|doubtful|face|frustrated|frustration|meh|mouth|skeptical|unsure|whatever|wtv
😟	worried face	Smileys & Emotion		anxious|butterflies|face|nerves|nervous|sad|stress|stressed|surprised|worried|worry
🙁	slightly frowning face	Smileys & Emotion		face|frown|frowning|sad|slightly
☹️	frowning face	Smileys & Emotion		face|frown|frowning|sad
😮	face with open mouth	Smileys & Emotion		believe|face|forgot|mouth|omg|open|shocked|surprised|sympathy|unbelievable|unreal|whoa|wow|you
😯	hushed face	Smileys & Emotion		epic|face|hushed|omg|stunned|surprised|whoa|woah
😲	astonished face	Smileys & Emotion		astonished|cost|face|no|omg|shocked|totally|way
😳	flushed face	Smileys & Emotion		amazed|awkward|crazy|dazed|dead|disbelief|embarrassed|face|flushed|geez|heat|hot|impressed|jeez|what|wow
🫪	distorted face	Smileys & Emotion		anxiety|bloated|panic|shocked|surprised|vulnerable
🥺	pleading face	Smileys & Emotion		begging|big|eyes|face|mercy|not|pleading|please|pretty|puppy|sad|why
🥹	face holding back tears	Smileys & Emotion		admiration|aww|back|cry|embarrassed|face|feelings|grateful|gratitude|holding|joy|please|proud|resist|sad|tears
😦	frowning face with open mouth	Smileys & Emotion		caught|face|frown|frowning|guard|mouth|open|scared|scary|surprise|what|wow
😧	anguished face	Smileys & Emotion		anguished|face|forgot|scared|scary|stressed|surprise|unhappy|what|wow
😨	fearful face	Smileys & Emotion		afraid|anxious|blame|face|fear|fearful|scared|worried
😰	anxious face with sweat	Smileys & Emotion		anxious|blue|cold|eek|face|mouth|nervous|open|rushed|scared|sweat|yikes
😥	sad but relieved face	Smileys & Emotion		anxious|call|close|complicated|disappointed|face|not|relieved|sad|sweat|time|whew
😢	crying face	Smileys & Emotion		awful|cry|crying|face|feels|miss|sad|tear|triste|unhappy
😭	loudly crying face	Smileys & Emotion		bawling|cry|crying|face|loudly|sad|sob|tear|tears|unhappy
😱	face screaming in fear	Smileys & Emotion		epic|face|fear|fearful|munch|scared|scream|screamer|screaming|shocked|surprised|woah
😖	confounded face	Smileys & Emotion		annoyed|confounded|confused|cringe|distraught|face|feels|frustrated|mad|sad
😣	persevering face	Smileys & Emotion		concentrate|concentration|face|focus|headache|persevere|persevering
😞	disappointed face	Smileys & Emotion		awful|blame|dejected|disappointed|face|fail|losing|sad|unhappy
😓	downcast face with sweat	Smileys & Emotion		close|cold|downcast|face|feels|headache|nervous|sad|scared|sweat|yikes
😩	weary face	Smileys & Emotion		crying|face|fail|feels|hungry|mad|nooo|sad|sleepy|tired|unhappy|weary
😫	tired face	Smileys & Emotion		cost|face|feels|nap|sad|sneeze|tired
🥱	yawning face	Smileys & Emotion		bedtime|bored|face|goodnight|nap|night|sleep|sleepy|tired|whatever|yawn|yawning|zzz
😤	face with steam from nose	Smileys & Emotion		anger|angry|face|feels|fume|fuming|furious|fury|mad|nose|steam|triumph|unhappy|won
😡	enraged face	Smileys & Emotion		anger|angry|enraged|face|feels|mad|maddening|pouting|rage|red|shade|unhappy|upset
😠	angry face	Smileys & Emotion		anger|angry|blame|face|feels|frustrated|mad|maddening|rage|shade|unhappy|upset
🤬	face with symbols on mouth	Smileys & Emotion		censor|cursing|cussing|face|mad|mouth|pissed|swearing|symbols
😈	smiling face with horns	Smileys & Emotion		demon|devil|evil|face|fairy|fairytale|fantasy|horns|purple|shade|smile|smiling|tale
👿	angry face with horns	Smileys & Emotion		angry|demon|devil|evil|face|fairy|fairytale|fantasy|horns|imp|mischievous|purple|shade|tale
💀	skull	Smileys & Emotion		body|dead|death|face|fairy|fairytale|i’m|lmao|monster|skull|tale|yolo
☠️	skull and crossbones	Smileys & Emotion		bone|crossbones|dead|death|face|monster|skull
💩	pile of poo	Smileys & Emotion		bs|comic|doo|dung|face|fml|monster|pile|poo|poop|smelly|smh|stink|stinks|stinky|turd
🤡	clown face	Smileys & Emotion		clown|face
👹	ogre	Smileys & Emotion		creature|devil|face|fairy|fairytale|fantasy|mask|monster|ogre|scary|tale
👺	goblin	Smileys & Emotion		angry|creature|face|fairy|fairytale|fantasy|goblin|mask|mean|monster|tale
👻	ghost	Smileys & Emotion		boo|creature|excited|face|fairy|fairytale|fantasy|ghost|halloween|haunting|monster|scary|silly|tale
👽	alien	Smileys & Emotion		alien|creature|extraterrestrial|face|fairy|fairytale|fantasy|monster|space|tale|ufo
👾	alien monster	Smileys & Emotion		alien|creature|extraterrestrial|face|fairy|fairytale|fantasy|game|gamer|games|monster|pixelated|space|tale|ufo
🤖	robot	Smileys & Emotion		face|monster|robot
😺	grinning cat	Smileys & Emotion		animal|cat|face|grinning|mouth|open|smile|smiling
😸	grinning cat with smiling eyes	Smileys & Emotion		animal|cat|eye|eyes|face|grin|grinning|smile|smiling
😹	cat with tears of joy	Smileys & Emotion		animal|cat|face|joy|laugh|laughing|lol|tear|tears
😻	smiling cat with heart-eyes	Smileys & Emotion		animal|cat|eye|face|heart|heart-eyes|love|smile|smiling
😼	cat with wry smile	Smileys & Emotion		animal|cat|face|ironic|smile|wry
😽	kissing cat	Smileys & Emotion		animal|cat|closed|eye|eyes|face|kiss|kissing
🙀	weary cat	Smileys & Emotion		animal|cat|face|oh|surprised|weary
😿	crying cat	Smileys & Emotion		animal|cat|cry|crying|face|sad|tear
😾	pouting cat	Smileys & Emotion		animal|cat|face|pouting
🙈	see-no-evil monkey	Smileys & Emotion		embarrassed|evil|face|forbidden|forgot|gesture|hide|monkey|no|omg|prohibited|scared|secret|smh|watch
🙉	hear-no-evil monkey	Smileys & Emotion		animal|ears|evil|face|forbidden|gesture|hear|listen|monkey|no|not|prohibited|secret|shh|tmi
🙊	speak-no-evil monkey	Smileys & Emotion		animal|evil|face|forbidden|gesture|monkey|no|not|oops|prohibited|quiet|secret|speak|stealth
💌	love letter	Smileys & Emotion		heart|letter|love|mail|romance|valentine
💘	heart with arrow	Smileys & Emotion		143|adorbs|arrow|cupid|date|emotion|heart|ily|love|romance|valentine
💝	heart with ribbon	Smileys & Emotion		143|anniversary|emotion|heart|ily|kisses|ribbon|valentine|xoxo
💖	sparkling heart	Smileys & Emotion		143|emotion|excited|good|heart|ily|kisses|morning|night|sparkle|sparkling|xoxo
💗	growing heart	Smileys & Emotion		143|emotion|excited|growing|heart|heartpulse|ily|kisses|muah|nervous|pulse|xoxo
💓	beating heart	Smileys & Emotion		143|beating|cardio|emotion|heart|heartbeat|ily|love|pulsating|pulse
💞	revolving hearts	Smileys & Emotion		143|adorbs|anniversary|emotion|heart|hearts|revolving
💕	two hearts	Smileys & Emotion		143|anniversary|date|dating|emotion|heart|hearts|ily|kisses|love|loving|two|xoxo
💟	heart decoration	Smileys & Emotion		143|decoration|emotion|heart|hearth|purple|white
❣️	heart exclamation	Smileys & Emotion		bang|exclamation|heart|heavy|mark|punctuation
💔	broken heart	Smileys & Emotion		break|broken|crushed|emotion|heart|heartbroken|lonely|sad
❤️‍🔥	heart on fire	Smileys & Emotion		burn|fire|heart|love|lust|sacred
❤️‍🩹	mending heart	Smileys & Emotion		healthier|heart|improving|mending|recovering|recuperating|well
❤️	red heart	Smileys & Emotion		emotion|heart|love|red
🩷	pink heart	Smileys & Emotion		143|adorable|cute|emotion|heart|ily|like|love|pink|special|sweet
🧡	orange heart	Smileys & Emotion		143|heart|orange
💛	yellow heart	Smileys & Emotion		143|cardiac|emotion|heart|ily|love|yellow
💚	green heart	Smileys & Emotion		143|emotion|green|heart|ily|love|romantic
💙	blue heart	Smileys & Emotion		143|blue|emotion|heart|ily|love|romance
🩵	light blue heart	Smileys & Emotion		143|blue|cute|cyan|emotion|heart|ily|light|like|love|sky|special|teal
💜	purple heart	Smileys & Emotion		143|bestest|emotion|heart|ily|love|purple
🤎	brown heart	Smileys & Emotion		143|brown|heart
🖤	black heart	Smileys & Emotion		black|evil|heart|wicked
🩶	grey heart	Smileys & Emotion		143|emotion|gray|grey|heart|ily|love|silver|slate|special
🤍	white heart	Smileys & Emotion		143|heart|white
💋	kiss mark	Smileys & Emotion		dating|emotion|heart|kiss|kissing|lips|mark|romance|sexy
💯	hundred points	Smileys & Emotion		100|a+|agree|clearly|definitely|faithful|fleek|full|hundred|keep|perfect|point|score|true|truth|yup
💢	anger symbol	Smileys & Emotion		anger|angry|comic|mad|symbol|upset
🫯	fight cloud	Smileys & Emotion		argument|brawl|debate|disagreement|fight|ruckus|wrestle
💥	collision	Smileys & Emotion		bomb|boom|collide|collision|comic|explode
💫	dizzy	Smileys & Emotion		comic|dizzy|shining|shooting|star|stars
💦	sweat droplets	Smileys & Emotion		comic|drip|droplet|droplets|drops|splashing|squirt|sweat|water|wet|work|workout
💨	dashing away	Smileys & Emotion		away|cloud|comic|dash|dashing|fart|fast|go|gone|gotta|running|smoke
🕳️	hole	Smileys & Emotion		hole
💬	speech balloon	Smileys & Emotion		balloon|bubble|comic|dialog|message|sms|speech|talk|text|typing
👁️‍🗨️	eye in speech bubble	Smileys & Emotion		balloon|bubble|eye|speech|witness
🗨️	left speech bubble	Smileys & Emotion		balloon|bubble|dialog|left|speech
🗯️	right anger bubble	Smileys & Emotion		anger|angry|balloon|bubble|mad|right
💭	thought balloon	Smileys & Emotion		balloon|bubble|cartoon|cloud|comic|daydream|decisions|dream|idea|invent|invention|realize|think|thoughts|wonder
💤	ZZZ	Smileys & Emotion		comic|good|goodnight|night|sleep|sleeping|sleepy|tired|zzz
👋	waving hand	People & Body	👋~	bye|cya|g2g|greetings|gtg|hand|hello|hey|hi|later|outtie|ttfn|ttyl|wave|yo|you
🤚	raised back of hand	People & Body	🤚~	back|backhand|hand|raised
🖐️	hand with fingers splayed	People & Body	🖐~	finger|fingers|hand|raised|splayed|stop
✋	raised hand	People & Body	✋~	5|five|hand|high|raised|stop
🖖	vulcan salute	People & Body	🖖~	finger|hand|hands|salute|vulcan
🫱	rightwards hand	People & Body	🫱~	hand|handshake|hold|reach|right|rightward|rightwards|shake
🫲	leftwards hand	People & Body	🫲~	hand|handshake|hold|left|leftward|leftwards|reach|shake
🫳	palm down hand	People & Body	🫳~	dismiss|down|drop|dropped|hand|palm|pick|shoo|up
🫴	palm up hand	People & Body	🫴~	beckon|catch|come|hand|hold|know|lift|me|offer|palm|tell
🫷	leftwards pushing hand	People & Body	🫷~	block|five|halt|hand|high|hold|leftward|leftwards|pause|push|pushing|refuse|slap|stop|wait
🫸	rightwards pushing hand	People & Body	🫸~	block|five|halt|hand|high|hold|pause|push|pushing|refuse|rightward|rightwards|slap|stop|wait
👌	OK hand	People & Body	👌~	awesome|bet|dope|fleek|fosho|got|gotcha|hand|legit|ok|okay|pinch|rad|sure|sweet|three
🤌	pinched fingers	People & Body	🤌~	fingers|gesture|hand|hold|huh|interrogation|patience|pinched|relax|sarcastic|ugh|what|zip
🤏	pinching hand	People & Body	🤏~	amount|bit|fingers|hand|little|pinching|small|sort
✌️	victory hand	People & Body	✌~	hand|peace|v|victory
🤞	crossed fingers	People & Body	🤞~	cross|crossed|finger|fingers|hand|luck
🫰	hand with index finger and thumb crossed	People & Body	🫰~	<3|crossed|expensive|finger|hand|heart|index|love|money|snap|thumb
🤟	love-you gesture	People & Body	🤟~	fingers|gesture|hand|ily|love|love-you|three|you
🤘	sign of the horns	People & Body	🤘~	finger|hand|horns|rock-on|sign
🤙	call me hand	People & Body	🤙~	call|hand|hang|loose|me|shaka
👈	backhand index pointing left	People & Body	👈~	backhand|finger|hand|index|left|point|pointing
👉	backhand index pointing right	People & Body	👉~	backhand|finger|hand|index|point|pointing|right
👆	backhand index pointing up	People & Body	👆~	backhand|finger|hand|index|point|pointing|up
🖕	middle finger	People & Body	🖕~	finger|hand|middle
👇	backhand index pointing down	People & Body	👇~	backhand|down|finger|hand|index|point|pointing
☝️	index pointing up	People & Body	☝~	finger|hand|index|point|pointing|this|up
🫵	index pointing at the viewer	People & Body	🫵~	at|finger|hand|index|pointing|poke|viewer|you
👍	thumbs up	People & Body	👍~	+1|good|hand|like|thumb|up|yes
👎	thumbs down	People & Body	👎~	-1|bad|dislike|down|good|hand|no|nope|thumb|thumbs
🫹	leftwards thumb sign	People & Body	🫹~	grip|left|neutral|point|that|this
🫺	rightwards thumb sign	People & Body	🫺~	grip|neutral|point|right|that|this
✊	raised fist	People & Body	✊~	clenched|fist|hand|punch|raised|solidarity
👊	oncoming fist	People & Body	👊~	absolutely|agree|boom|bro|bruh|bump|clenched|correct|fist|hand|knuckle|oncoming|pound|punch|rock|ttyl
🤛	left-facing fist	People & Body	🤛~	fist|left-facing|leftwards
🤜	right-facing fist	People & Body	🤜~	fist|right-facing|rightwards
👏	clapping hands	People & Body	👏~	applause|approval|awesome|clap|congrats|congratulations|excited|good|great|hand|homie|job|nice|prayed|well|yay
🙌	raising hands	People & Body	🙌~	celebration|gesture|hand|hands|hooray|praise|raised|raising
🫶	heart hands	People & Body	🫶~	<3|hands|heart|love|you
👐	open hands	People & Body	👐~	hand|hands|hug|jazz|open|swerve
🤲	palms up together	People & Body	🤲~	cupped|dua|hands|palms|pray|prayer|together|up|wish
🤝	handshake	People & Body	🤝~	agreement|deal|hand|handshake|meeting|shake
🙏	folded hands	People & Body	🙏~	appreciate|ask|beg|blessed|bow|cmon|five|folded|gesture|hand|high|please|pray|thanks|thx
✍️	writing hand	People & Body	✍~	hand|write|writing
💅	nail polish	People & Body	💅~	bored|care|cosmetics|done|makeup|manicure|nail|polish|whatever
🤳	selfie	People & Body	🤳~	camera|phone|selfie
💪	flexed biceps	People & Body	💪~	arm|beast|bench|biceps|bodybuilder|bro|curls|flex|gains|gym|jacked|muscle|press|ripped|strong|weightlift
🦾	mechanical arm	People & Body		accessibility|arm|mechanical|prosthetic
🦿	mechanical leg	People & Body		accessibility|leg|mechanical|prosthetic
🦵	leg	People & Body	🦵~	bent|foot|kick|knee|leg|limb
🦶	foot	People & Body	🦶~	ankle|feet|foot|kick|stomp
👂	ear	People & Body	👂~	body|ear|ears|hear|hearing|listen|listening|sound
🦻	ear with hearing aid	People & Body	🦻~	accessibility|aid|ear|hard|hearing
👃	nose	People & Body	👃~	body|nose|noses|nosey|odor|smell|smells
🧠	brain	People & Body		brain|intelligent|smart
🫀	anatomical heart	People & Body		anatomical|beat|cardiology|heart|heartbeat|organ|pulse|real|red
🫁	lungs	People & Body		breath|breathe|exhalation|inhalation|lung|lungs|organ|respiration
🦷	tooth	People & Body		dentist|pearly|teeth|tooth|white
🦴	bone	People & Body		bone|bones|dog|skeleton|wishbone
👀	eyes	People & Body		body|eye|eyes|face|googly|look|looking|omg|peep|see|seeing
👁️	eye	People & Body		1|body|eye|one
👅	tongue	People & Body		body|lick|slurp|tongue
👄	mouth	People & Body		beauty|body|kiss|kissing|lips|lipstick|mouth
🫦	biting lip	People & Body		anxious|bite|biting|fear|flirt|flirting|kiss|lip|lipstick|nervous|sexy|uncomfortable|worried|worry
👶	baby	People & Body	👶~	babies|baby|children|goo|infant|newborn|pregnant|young
🧒	child	People & Body	🧒~	bright-eyed|child|grandchild|kid|young|younger
👦	boy	People & Body	👦~	boy|bright-eyed|child|grandson|kid|son|young|younger
👧	girl	People & Body	👧~	bright-eyed|child|daughter|girl|granddaughter|kid|virgo|young|younger|zodiac
🧑	person	People & Body	🧑~	adult|person
👱	person: blond hair	People & Body		blond|blond-haired|human|person
👨	man	People & Body	👨~	adult|bro|man
🧔	person: beard	People & Body		beard|bearded|person|whiskers
🧔‍♂️	man: beard	People & Body		beard|bearded|man|whiskers
🧔‍♀️	woman: beard	People & Body		beard|bearded|whiskers|woman
👨‍🦰	man: red hair	People & Body		adult|bro|man|red hair
👨‍🦱	man: curly hair	People & Body		adult|bro|curly hair|man
👨‍🦳	man: white hair	People & Body		adult|bro|man|white hair
👨‍🦲	man: bald	People & Body		adult|bald|bro|man
👩	woman	People & Body	👩~	adult|lady|woman
👩‍🦰	woman: red hair	People & Body		adult|lady|red hair|woman
🧑‍🦰	person: red hair	People & Body		adult|person|red hair
👩‍🦱	woman: curly hair	People & Body		adult|curly hair|lady|woman
🧑‍🦱	person: curly hair	People & Body		adult|curly hair|person
👩‍🦳	woman: white hair	People & Body		adult|lady|white hair|woman
🧑‍🦳	person: white hair	People & Body		adult|person|white hair
👩‍🦲	woman: bald	People & Body		adult|bald|lady|woman
🧑‍🦲	person: bald	People & Body		adult|bald|person
👱‍♀️	woman: blond hair	People & Body		blond|blond-haired|blonde|hair|woman
👱‍♂️	man: blond hair	People & Body		blond|blond-haired|hair|man
🧓	older person	People & Body	🧓~	adult|elderly|grandparent|old|person|wise
👴	old man	People & Body	👴~	adult|bald|elderly|gramps|grandfather|grandpa|man|old|wise
👵	old woman	People & Body	👵~	adult|elderly|grandma|grandmother|granny|lady|old|wise|woman
🙍	person frowning	People & Body	🙍~	annoyed|disappointed|disgruntled|disturbed|frown|frowning|frustrated|gesture|irritated|person|upset
🙍‍♂️	man frowning	People & Body	🙍~‍♂️	annoyed|disappointed|disgruntled|disturbed|frown|frowning|frustrated|gesture|irritated|man|upset
🙍‍♀️	woman frowning	People & Body	🙍~‍♀️	annoyed|disappointed|disgruntled|disturbed|frown|frowning|frustrated|gesture|irritated|upset|woman
🙎	person pouting	People & Body	🙎~	disappointed|downtrodden|frown|grimace|person|pouting|scowl|sulk|upset|whine
🙎‍♂️	man pouting	People & Body	🙎~‍♂️	disappointed|downtrodden|frown|grimace|man|pouting|scowl|sulk|upset|whine
🙎‍♀️	woman pouting	People & Body	🙎~‍♀️	disappointed|downtrodden|frown|grimace|pouting|scowl|sulk|upset|whine|woman
🙅	person gesturing NO	People & Body	🙅~	forbidden|gesture|hand|no|not|person|prohibit
🙅‍♂️	man gesturing NO	People & Body	🙅~‍♂️	forbidden|gesture|hand|man|no|not|prohibit
🙅‍♀️	woman gesturing NO	People & Body	🙅~‍♀️	forbidden|gesture|hand|no|not|prohibit|woman
🙆	person gesturing OK	People & Body	🙆~	exercise|gesture|gesturing|hand|ok|omg|person
🙆‍♂️	man gesturing OK	People & Body	🙆~‍♂️	exercise|gesture|gesturing|hand|man|ok|omg
🙆‍♀️	woman gesturing OK	People & Body	🙆~‍♀️	exercise|gesture|gesturing|hand|ok|omg|woman
💁	person tipping hand	People & Body	💁~	fetch|flick|flip|gossip|hand|person|sarcasm|sarcastic|sassy|seriously|tipping|whatever
💁‍♂️	man tipping hand	People & Body	💁~‍♂️	fetch|flick|flip|gossip|hand|man|sarcasm|sarcastic|sassy|seriously|tipping|whatever
💁‍♀️	woman tipping hand	People & Body	💁~‍♀️	fetch|flick|flip|gossip|hand|sarcasm|sarcastic|sassy|seriously|tipping|whatever|woman
🙋	person raising hand	People & Body	🙋~	gesture|hand|here|know|me|person|pick|question|raise|raising
🙋‍♂️	man raising hand	People & Body	🙋~‍♂️	gesture|hand|here|know|man|me|pick|question|raise|raising
🙋‍♀️	woman raising hand	People & Body	🙋~‍♀️	gesture|hand|here|know|me|pick|question|raise|raising|woman
🧏	deaf person	People & Body	🧏~	accessibility|deaf|ear|gesture|hear|person
🧏‍♂️	deaf man	People & Body	🧏~‍♂️	accessibility|deaf|ear|gesture|hear|man
🧏‍♀️	deaf woman	People & Body	🧏~‍♀️	accessibility|deaf|ear|gesture|hear|woman
🙇	person bowing	People & Body	🙇~	apology|ask|beg|bow|bowing|favor|forgive|gesture|meditate|meditation|person|pity|regret|sorry
🙇‍♂️	man bowing	People & Body	🙇~‍♂️	apology|ask|beg|bow|bowing|favor|forgive|gesture|man|meditate|meditation|pity|regret|sorry
🙇‍♀️	woman bowing	People & Body	🙇~‍♀️	apology|ask|beg|bow|bowing|favor|forgive|gesture|meditate|meditation|pity|regret|sorry|woman
🤦	person facepalming	People & Body	🤦~	again|bewilder|disbelief|exasperation|facepalm|no|not|oh|omg|person|shock|smh
🤦‍♂️	man facepalming	People & Body	🤦~‍♂️	again|bewilder|disbelief|exasperation|facepalm|man|no|not|oh|omg|shock|smh
🤦‍♀️	woman facepalming	People & Body	🤦~‍♀️	again|bewilder|disbelief|exasperation|facepalm|no|not|oh|omg|shock|smh|woman
🤷	person shrugging	People & Body	🤷~	doubt|dunno|guess|idk|ignorance|indifference|knows|maybe|person|shrug|shrugging|whatever|who
🤷‍♂️	man shrugging	People & Body	🤷~‍♂️	doubt|dunno|guess|idk|ignorance|indifference|knows|man|maybe|shrug|shrugging|whatever|who
🤷‍♀️	woman shrugging	People & Body	🤷~‍♀️	doubt|dunno|guess|idk|ignorance|indifference|knows|maybe|shrug|shrugging|whatever|who|woman
🧑‍⚕️	health worker	People & Body	🧑~‍⚕️	doctor|health|healthcare|nurse|therapist|worker
👨‍⚕️	man health worker	People & Body	👨~‍⚕️	doctor|health|healthcare|man|nurse|therapist|worker
👩‍⚕️	woman health worker	People & Body	👩~‍⚕️	doctor|health|healthcare|nurse|therapist|woman|worker
🧑‍🎓	student	People & Body	🧑~‍🎓	graduate|student
👨‍🎓	man student	People & Body	👨~‍🎓	graduate|man|student
👩‍🎓	woman student	People & Body	👩~‍🎓	graduate|student|woman
🧑‍🏫	teacher	People & Body	🧑~‍🏫	instructor|lecturer|professor|teacher
👨‍🏫	man teacher	People & Body	👨~‍🏫	instructor|lecturer|man|professor|teacher
👩‍🏫	woman teacher	People & Body	👩~‍🏫	instructor|lecturer|professor|teacher|woman
🧑‍⚖️	judge	People & Body	🧑~‍⚖️	judge|justice|law|scales
👨‍⚖️	man judge	People & Body	👨~‍⚖️	judge|justice|law|man|scales
👩‍⚖️	woman judge	People & Body	👩~‍⚖️	judge|justice|law|scales|woman
🧑‍🌾	farmer	People & Body	🧑~‍🌾	farmer|gardener|rancher
👨‍🌾	man farmer	People & Body	👨~‍🌾	farmer|gardener|man|rancher
👩‍🌾	woman farmer	People & Body	👩~‍🌾	farmer|gardener|rancher|woman
🧑‍🍳	cook	People & Body	🧑~‍🍳	chef|cook
👨‍🍳	man cook	People & Body	👨~‍🍳	chef|cook|man
👩‍🍳	woman cook	People & Body	👩~‍🍳	chef|cook|woman
🧑‍🔧	mechanic	People & Body	🧑~‍🔧	electrician|mechanic|plumber|tradesperson
👨‍🔧	man mechanic	People & Body	👨~‍🔧	electrician|man|mechanic|plumber|tradesperson
👩‍🔧	woman mechanic	People & Body	👩~‍🔧	electrician|mechanic|plumber|tradesperson|woman
🧑‍🏭	factory worker	People & Body	🧑~‍🏭	assembly|factory|industrial|worker
👨‍🏭	man factory worker	People & Body	👨~‍🏭	assembly|factory|industrial|man|worker
👩‍🏭	woman factory worker	People & Body	👩~‍🏭	assembly|factory|industrial|woman|worker
🧑‍💼	office worker	People & Body	🧑~‍💼	architect|business|manager|office|white-collar|worker
👨‍💼	man office worker	People & Body	👨~‍💼	architect|business|man|manager|office|white-collar|worker
👩‍💼	woman office worker	People & Body	👩~‍💼	architect|business|manager|office|white-collar|woman|worker
🧑‍🔬	scientist	People & Body	🧑~‍🔬	biologist|chemist|engineer|mathematician|physicist|scientist
👨‍🔬	man scientist	People & Body	👨~‍🔬	biologist|chemist|engineer|man|mathematician|physicist|scientist
👩‍🔬	woman scientist	People & Body	👩~‍🔬	biologist|chemist|engineer|mathematician|physicist|scientist|woman
🧑‍💻	technologist	People & Body	🧑~‍💻	coder|computer|developer|inventor|software|technologist
👨‍💻	man technologist	People & Body	👨~‍💻	coder|computer|developer|inventor|man|software|technologist
👩‍💻	woman technologist	People & Body	👩~‍💻	coder|computer|developer|inventor|software|technologist|woman
🧑‍🎤	singer	People & Body	🧑~‍🎤	actor|entertainer|rock|rockstar|singer|star
👨‍🎤	man singer	People & Body	👨~‍🎤	actor|entertainer|man|rock|rockstar|singer|star
👩‍🎤	woman singer	People & Body	👩~‍🎤	actor|entertainer|rock|rockstar|singer|star|woman
🧑‍🎨	artist	People & Body	🧑~‍🎨	artist|palette
👨‍🎨	man artist	People & Body	👨~‍🎨	artist|man|palette
👩‍🎨	woman artist	People & Body	👩~‍🎨	artist|palette|woman
🧑‍✈️	pilot	People & Body	🧑~‍✈️	pilot|plane
👨‍✈️	man pilot	People & Body	👨~‍✈️	man|pilot|plane
👩‍✈️	woman pilot	People & Body	👩~‍✈️	pilot|plane|woman
🧑‍🚀	astronaut	People & Body	🧑~‍🚀	astronaut|rocket|space
👨‍🚀	man astronaut	People & Body	👨~‍🚀	astronaut|man|rocket|space
👩‍🚀	woman astronaut	People & Body	👩~‍🚀	astronaut|rocket|space|woman
🧑‍🚒	firefighter	People & Body	🧑~‍🚒	fire|firefighter|firetruck
👨‍🚒	man firefighter	People & Body	👨~‍🚒	fire|firefighter|firetruck|man
👩‍🚒	woman firefighter	People & Body	👩~‍🚒	fire|firefighter|firetruck|woman
👮	police officer	People & Body	👮~	apprehend|arrest|citation|cop|law|officer|over|police|pulled|undercover
👮‍♂️	man police officer	People & Body	👮~‍♂️	apprehend|arrest|citation|cop|law|man|officer|over|police|pulled|undercover
👮‍♀️	woman police officer	People & Body	👮~‍♀️	apprehend|arrest|citation|cop|law|officer|over|police|pulled|undercover|woman
🕵️	detective	People & Body	🕵~	detective|sleuth|spy
🕵️‍♂️	man detective	People & Body	🕵~‍♂️	detective|man|sleuth|spy
🕵️‍♀️	woman detective	People & Body	🕵~‍♀️	detective|sleuth|spy|woman
💂	guard	People & Body	💂~	buckingham|guard|helmet|london|palace
💂‍♂️	man guard	People & Body	💂~‍♂️	buckingham|guard|helmet|london|man|palace
💂‍♀️	woman guard	People & Body	💂~‍♀️	buckingham|guard|helmet|london|palace|woman
🥷	ninja	People & Body	🥷~	assassin|fight|fighter|hidden|ninja|person|secret|skills|sly|soldier|stealth|war
👷	construction worker	People & Body	👷~	build|construction|fix|hardhat|hat|man|person|rebuild|remodel|repair|work|worker
👷‍♂️	man construction worker	People & Body	👷~‍♂️	build|construction|fix|hardhat|hat|man|rebuild|remodel|repair|work|worker
👷‍♀️	woman construction worker	People & Body	👷~‍♀️	build|construction|fix|hardhat|hat|man|rebuild|remodel|repair|woman|work|worker
🫅	person with crown	People & Body	🫅~	crown|monarch|noble|person|regal|royal|royalty
🤴	prince	People & Body	🤴~	crown|fairy|fairytale|fantasy|king|prince|royal|royalty|tale
👸	princess	People & Body	👸~	crown|fairy|fairytale|fantasy|princess|queen|royal|royalty|tale
👳	person wearing turban	People & Body	👳~	person|turban|wearing
👳‍♂️	man wearing turban	People & Body	👳~‍♂️	man|turban|wearing
👳‍♀️	woman wearing turban	People & Body	👳~‍♀️	turban|wearing|woman
👲	person with skullcap	People & Body	👲~	cap|chinese|gua|guapi|hat|mao|person|pi|skullcap
🧕	woman with headscarf	People & Body	🧕~	bandana|head|headscarf|hijab|kerchief|mantilla|tichel|woman
🤵	person in tuxedo	People & Body	🤵~	formal|person|tuxedo|wedding
🤵‍♂️	man in tuxedo	People & Body	🤵~‍♂️	formal|groom|man|tuxedo|wedding
🤵‍♀️	woman in tuxedo	People & Body	🤵~‍♀️	formal|tuxedo|wedding|woman
👰	person with veil	People & Body	👰~	person|veil|wedding
👰‍♂️	man with veil	People & Body	👰~‍♂️	man|veil|wedding
👰‍♀️	woman with veil	People & Body	👰~‍♀️	bride|veil|wedding|woman
🤰	pregnant woman	People & Body	🤰~	pregnant|woman
🫃	pregnant man	People & Body	🫃~	belly|bloated|full|man|overeat|pregnant
🫄	pregnant person	People & Body	🫄~	belly|bloated|full|overeat|person|pregnant|stuffed
🤱	breast-feeding	People & Body	🤱~	baby|breast|breast-feeding|feeding|mom|mother|nursing|woman
👩‍🍼	woman feeding baby	People & Body	👩~‍🍼	baby|feed|feeding|mom|mother|nanny|newborn|nursing|woman
👨‍🍼	man feeding baby	People & Body	👨~‍🍼	baby|dad|father|feed|feeding|man|nanny|newborn|nursing
🧑‍🍼	person feeding baby	People & Body	🧑~‍🍼	baby|feed|feeding|nanny|newborn|nursing|parent
👼	baby angel	People & Body	👼~	angel|baby|church|face|fairy|fairytale|fantasy|tale
🎅	Santa Claus	People & Body	🎅~	celebration|christmas|claus|fairy|fantasy|father|holiday|merry|santa|tale|xmas
🤶	Mrs. Claus	People & Body	🤶~	celebration|christmas|claus|fairy|fantasy|holiday|merry|mother|mrs|santa|tale|xmas
🧑‍🎄	Mx Claus	People & Body	🧑~‍🎄	celebration|christmas|claus|fairy|fantasy|holiday|merry|mx|santa|tale|xmas
🦸	superhero	People & Body	🦸~	good|hero|superhero|superpower
🦸‍♂️	man superhero	People & Body	🦸~‍♂️	good|hero|man|superhero|superpower
🦸‍♀️	woman superhero	People & Body	🦸~‍♀️	good|hero|heroine|superhero|superpower|woman
🦹	supervillain	People & Body	🦹~	bad|criminal|evil|superpower|supervillain|villain
🦹‍♂️	man supervillain	People & Body	🦹~‍♂️	bad|criminal|evil|man|superpower|supervillain|villain
🦹‍♀️	woman supervillain	People & Body	🦹~‍♀️	bad|criminal|evil|superpower|supervillain|villain|woman
🧙	mage	People & Body	🧙~	fantasy|mage|magic|play|sorcerer|sorceress|sorcery|spell|summon|witch|wizard
🧙‍♂️	man mage	People & Body	🧙~‍♂️	fantasy|mage|magic|man|play|sorcerer|sorceress|sorcery|spell|summon|witch|wizard
🧙‍♀️	woman mage	People & Body	🧙~‍♀️	fantasy|mage|magic|play|sorcerer|sorceress|sorcery|spell|summon|witch|wizard|woman
🧚	fairy	People & Body	🧚~	fairy|fairytale|fantasy|myth|person|pixie|tale|wings
🧚‍♂️	man fairy	People & Body	🧚~‍♂️	fairy|fairytale|fantasy|man|myth|oberon|person|pixie|puck|tale|wings
🧚‍♀️	woman fairy	People & Body	🧚~‍♀️	fairy|fairytale|fantasy|myth|person|pixie|tale|titania|wings|woman
🧛	vampire	People & Body	🧛~	blood|dracula|fangs|halloween|scary|supernatural|teeth|undead|vampire
🧛‍♂️	man vampire	People & Body	🧛~‍♂️	blood|fangs|halloween|man|scary|supernatural|teeth|undead|vampire
🧛‍♀️	woman vampire	People & Body	🧛~‍♀️	blood|fangs|halloween|scary|supernatural|teeth|undead|vampire|woman
🧜	merperson	People & Body	🧜~	creature|fairytale|folklore|merperson|ocean|sea|siren|trident
🧜‍♂️	merman	People & Body	🧜~‍♂️	creature|fairytale|folklore|merman|neptune|ocean|poseidon|sea|siren|trident|triton
🧜‍♀️	mermaid	People & Body	🧜~‍♀️	creature|fairytale|folklore|mermaid|merwoman|ocean|sea|siren|trident
🧝	elf	People & Body	🧝~	elf|elves|enchantment|fantasy|folklore|magic|magical|myth
🧝‍♂️	man elf	People & Body	🧝~‍♂️	elf|elves|enchantment|fantasy|folklore|magic|magical|man|myth
🧝‍♀️	woman elf	People & Body	🧝~‍♀️	elf|elves|enchantment|fantasy|folklore|magic|magical|myth|woman
🧞	genie	People & Body		djinn|fantasy|genie|jinn|lamp|myth|rub|wishes
🧞‍♂️	man genie	People & Body		djinn|fantasy|genie|jinn|lamp|man|myth|rub|wishes
🧞‍♀️	woman genie	People & Body		djinn|fantasy|genie|jinn|lamp|myth|rub|wishes|woman
🧟	zombie	People & Body		apocalypse|dead|halloween|horror|scary|undead|walking|zombie
🧟‍♂️	man zombie	People & Body		apocalypse|dead|halloween|horror|man|scary|undead|walking|zombie
🧟‍♀️	woman zombie	People & Body		apocalypse|dead|halloween|horror|scary|undead|walking|woman|zombie
🧌	troll	People & Body		fairy|fantasy|monster|tale|troll|trolling
🫈	hairy creature	People & Body		bigfoot|cryptid|forest|giant|hairy|sasquatch|woodwose|yeti
💆	person getting massage	People & Body	💆~	face|getting|headache|massage|person|relax|relaxing|salon|soothe|spa|tension|therapy|treatment
💆‍♂️	man getting massage	People & Body	💆~‍♂️	face|getting|headache|man|massage|relax|relaxing|salon|soothe|spa|tension|therapy|treatment
💆‍♀️	woman getting massage	People & Body	💆~‍♀️	face|getting|headache|massage|relax|relaxing|salon|soothe|spa|tension|therapy|treatment|woman
💇	person getting haircut	People & Body	💇~	barber|beauty|chop|cosmetology|cut|groom|hair|haircut|parlor|person|shears|style
💇‍♂️	man getting haircut	People & Body	💇~‍♂️	barber|beauty|chop|cosmetology|cut|groom|hair|haircut|man|parlor|person|shears|style
💇‍♀️	woman getting haircut	People & Body	💇~‍♀️	barber|beauty|chop|cosmetology|cut|groom|hair|haircut|parlor|person|shears|style|woman
🚶	person walking	People & Body	🚶~	amble|gait|hike|man|pace|pedestrian|person|stride|stroll|walk|walking
🚶‍♂️	man walking	People & Body	🚶~‍♂️	amble|gait|hike|man|pace|pedestrian|stride|stroll|walk|walking
🚶‍♀️	woman walking	People & Body	🚶~‍♀️	amble|gait|hike|man|pace|pedestrian|stride|stroll|walk|walking|woman
🚶‍➡️	person walking facing right	People & Body	🚶~‍➡️	amble|facing|gait|hike|man|pace|pedestrian|person|right|stride|stroll|walk|walking
🚶‍♀️‍➡️	woman walking facing right	People & Body	🚶~‍♀️‍➡️	amble|facing|gait|hike|man|pace|pedestrian|right|stride|stroll|walk|walking|woman
🚶‍♂️‍➡️	man walking facing right	People & Body	🚶~‍♂️‍➡️	amble|facing|gait|hike|man|pace|pedestrian|right|stride|stroll|walk|walking
🧍	person standing	People & Body	🧍~	person|stand|standing
🧍‍♂️	man standing	People & Body	🧍~‍♂️	man|stand|standing
🧍‍♀️	woman standing	People & Body	🧍~‍♀️	stand|standing|woman
🧎	person kneeling	People & Body	🧎~	kneel|kneeling|knees|person
🧎‍♂️	man kneeling	People & Body	🧎~‍♂️	kneel|kneeling|knees|man
🧎‍♀️	woman kneeling	People & Body	🧎~‍♀️	kneel|kneeling|knees|woman
🧎‍➡️	person kneeling facing right	People & Body	🧎~‍➡️	facing|kneel|kneeling|knees|person|right
🧎‍♀️‍➡️	woman kneeling facing right	People & Body	🧎~‍♀️‍➡️	facing|kneel|kneeling|knees|right|woman
🧎‍♂️‍➡️	man kneeling facing right	People & Body	🧎~‍♂️‍➡️	facing|kneel|kneeling|knees|man|right
🧑‍🦯	person with white cane	People & Body	🧑~‍🦯	accessibility|blind|cane|person|probing|white
🧑‍🦯‍➡️	person with white cane facing right	People & Body	🧑~‍🦯‍➡️	accessibility|blind|cane|facing|person|probing|right|white
👨‍🦯	man with white cane	People & Body	👨~‍🦯	accessibility|blind|cane|man|probing|white
👨‍🦯‍➡️	man with white cane facing right	People & Body	👨~‍🦯‍➡️	accessibility|blind|cane|facing|man|probing|right|white
👩‍🦯	woman with white cane	People & Body	👩~‍🦯	accessibility|blind|cane|probing|white|woman
👩‍🦯‍➡️	woman with white cane facing right	People & Body	👩~‍🦯‍➡️	accessibility|blind|cane|facing|probing|right|white|woman
🧑‍🦼	person in motorized wheelchair	People & Body	🧑~‍🦼	accessibility|motorized|person|wheelchair
🧑‍🦼‍➡️	person in motorized wheelchair facing right	People & Body	🧑~‍🦼‍➡️	accessibility|facing|motorized|person|right|wheelchair
👨‍🦼	man in motorized wheelchair	People & Body	👨~‍🦼	accessibility|man|motorized|wheelchair
👨‍🦼‍➡️	man in motorized wheelchair facing right	People & Body	👨~‍🦼‍➡️	accessibility|facing|man|motorized|right|wheelchair
👩‍🦼	woman in motorized wheelchair	People & Body	👩~‍🦼	accessibility|motorized|wheelchair|woman
👩‍🦼‍➡️	woman in motorized wheelchair facing right	People & Body	👩~‍🦼‍➡️	accessibility|facing|motorized|right|wheelchair|woman
🧑‍🦽	person in manual wheelchair	People & Body	🧑~‍🦽	accessibility|manual|person|wheelchair
🧑‍🦽‍➡️	person in manual wheelchair facing right	People & Body	🧑~‍🦽‍➡️	accessibility|facing|manual|person|right|wheelchair
👨‍🦽	man in manual wheelchair	People & Body	👨~‍🦽	accessibility|man|manual|wheelchair
👨‍🦽‍➡️	man in manual wheelchair facing right	People & Body	👨~‍🦽‍➡️	accessibility|facing|man|manual|right|wheelchair
👩‍🦽	woman in manual wheelchair	People & Body	👩~‍🦽	accessibility|manual|wheelchair|woman
👩‍🦽‍➡️	woman in manual wheelchair facing right	People & Body	👩~‍🦽‍➡️	accessibility|facing|manual|right|wheelchair|woman
🏃	person running	People & Body	🏃~	fast|hurry|marathon|move|person|quick|race|racing|run|rush|speed
🏃‍♂️	man running	People & Body	🏃~‍♂️	fast|hurry|man|marathon|move|quick|race|racing|run|rush|speed
🏃‍♀️	woman running	People & Body	🏃~‍♀️	fast|hurry|marathon|move|quick|race|racing|run|rush|speed|woman
🏃‍➡️	person running facing right	People & Body	🏃~‍➡️	facing|fast|hurry|marathon|move|person|quick|race|racing|right|run|rush|speed
🏃‍♀️‍➡️	woman running facing right	People & Body	🏃~‍♀️‍➡️	facing|fast|hurry|marathon|move|quick|race|racing|right|run|rush|speed|woman
🏃‍♂️‍➡️	man running facing right	People & Body	🏃~‍♂️‍➡️	facing|fast|hurry|man|marathon|move|quick|race|racing|right|run|rush|speed
🧑‍🩰	ballet dancer	People & Body	🧑~‍🩰	ballet|dancer
💃	woman dancing	People & Body	💃~	dance|dancer|dancing|elegant|festive|flair|flamenco|groove|let’s|salsa|tango|woman
🕺	man dancing	People & Body	🕺~	dance|dancer|dancing|elegant|festive|flair|flamenco|groove|let’s|man|salsa|tango
🕴️	person in suit levitating	People & Body	🕴~	business|levitating|person|suit
👯	people with bunny ears	People & Body	👯~	bestie|bff|bunny|counterpart|dancer|double|ear|identical|pair|party|partying|people|soulmate|twin|twinsies
👯‍♂️	men with bunny ears	People & Body	👯~‍♂️	bestie|bff|bunny|counterpart|dancer|double|ear|identical|men|pair|party|partying|people|soulmate|twin|twinsies
👯‍♀️	women with bunny ears	People & Body	👯~‍♀️	bestie|bff|bunny|counterpart|dancer|double|ear|identical|pair|party|partying|people|soulmate|twin|twinsies|women
🧖	person in steamy room	People & Body	🧖~	day|luxurious|pamper|person|relax|room|sauna|spa|steam|steambath|unwind
🧖‍♂️	man in steamy room	People & Body	🧖~‍♂️	day|luxurious|man|pamper|relax|room|sauna|spa|steam|steambath|unwind
🧖‍♀️	woman in steamy room	People & Body	🧖~‍♀️	day|luxurious|pamper|relax|room|sauna|spa|steam|steambath|unwind|woman
🧗	person climbing	People & Body	🧗~	climb|climber|climbing|mountain|person|rock|scale|up
🧗‍♂️	man climbing	People & Body	🧗~‍♂️	climb|climber|climbing|man|mountain|rock|scale|up
🧗‍♀️	woman climbing	People & Body	🧗~‍♀️	climb|climber|climbing|mountain|rock|scale|up|woman
🤺	person fencing	People & Body		fencer|fencing|person|sword
🏇	horse racing	People & Body	🏇~	horse|jockey|racehorse|racing|riding|sport
⛷️	skier	People & Body		ski|skier|snow
🏂	snowboarder	People & Body	🏂~	ski|snow|snowboard|snowboarder|sport
🏌️	person golfing	People & Body	🏌~	ball|birdie|caddy|driving|golf|golfing|green|person|pga|putt|range|tee
🏌️‍♂️	man golfing	People & Body	🏌~‍♂️	ball|birdie|caddy|driving|golf|golfing|green|man|pga|putt|range|tee
🏌️‍♀️	woman golfing	People & Body	🏌~‍♀️	ball|birdie|caddy|driving|golf|golfing|green|pga|putt|range|tee|woman
🏄	person surfing	People & Body	🏄~	beach|ocean|person|sport|surf|surfer|surfing|swell|waves
🏄‍♂️	man surfing	People & Body	🏄~‍♂️	beach|man|ocean|sport|surf|surfer|surfing|swell|waves
🏄‍♀️	woman surfing	People & Body	🏄~‍♀️	beach|ocean|person|sport|surf|surfer|surfing|swell|waves
🚣	person rowing boat	People & Body	🚣~	boat|canoe|cruise|fishing|lake|oar|paddle|person|raft|river|row|rowboat|rowing
🚣‍♂️	man rowing boat	People & Body	🚣~‍♂️	boat|canoe|cruise|fishing|lake|man|oar|paddle|raft|river|row|rowboat|rowing
🚣‍♀️	woman rowing boat	People & Body	🚣~‍♀️	boat|canoe|cruise|fishing|lake|oar|paddle|raft|river|row|rowboat|rowing|woman
🏊	person swimming	People & Body	🏊~	freestyle|person|sport|swim|swimmer|swimming|triathlon
🏊‍♂️	man swimming	People & Body	🏊~‍♂️	freestyle|man|sport|swim|swimmer|swimming|triathlon
🏊‍♀️	woman swimming	People & Body	🏊~‍♀️	freestyle|man|sport|swim|swimmer|swimming|triathlon
⛹️	person bouncing ball	People & Body	⛹~	athletic|ball|basketball|bouncing|championship|dribble|net|person|player|throw
⛹️‍♂️	man bouncing ball	People & Body	⛹~‍♂️	athletic|ball|basketball|bouncing|championship|dribble|man|net|player|throw
⛹️‍♀️	woman bouncing ball	People & Body	⛹~‍♀️	athletic|ball|basketball|bouncing|championship|dribble|net|player|throw|woman
🏋️	person lifting weights	People & Body	🏋~	barbell|bodybuilder|deadlift|lifter|lifting|person|powerlifting|weight|weightlifter|weights|workout
🏋️‍♂️	man lifting weights	People & Body	🏋~‍♂️	barbell|bodybuilder|deadlift|lifter|lifting|man|powerlifting|weight|weightlifter|weights|workout
🏋️‍♀️	woman lifting weights	People & Body	🏋~‍♀️	barbell|bodybuilder|deadlift|lifter|lifting|powerlifting|weight|weightlifter|weights|woman|workout
🚴	person biking	People & Body	🚴~	bicycle|bicyclist|bike|biking|cycle|cyclist|person|riding|sport
🚴‍♂️	man biking	People & Body	🚴~‍♂️	bicycle|bicyclist|bike|biking|cycle|cyclist|man|riding|sport
🚴‍♀️	woman biking	People & Body	🚴~‍♀️	bicycle|bicyclist|bike|biking|cycle|cyclist|riding|sport|woman
🚵	person mountain biking	People & Body	🚵~	bicycle|bicyclist|bike|biking|cycle|cyclist|mountain|person|riding|sport
🚵‍♂️	man mountain biking	People & Body	🚵~‍♂️	bicycle|bicyclist|bike|biking|cycle|cyclist|man|mountain|riding|sport
🚵‍♀️	woman mountain biking	People & Body	🚵~‍♀️	bicycle|bicyclist|bike|biking|cycle|cyclist|mountain|riding|sport|woman
🤸	person cartwheeling	People & Body	🤸~	active|cartwheel|cartwheeling|excited|flip|gymnastics|happy|person|somersault
🤸‍♂️	man cartwheeling	People & Body	🤸~‍♂️	active|cartwheel|cartwheeling|excited|flip|gymnastics|happy|man|somersault
🤸‍♀️	woman cartwheeling	People & Body	🤸~‍♀️	active|cartwheel|cartwheeling|excited|flip|gymnastics|happy|somersault|woman
🤼	people wrestling	People & Body	🤼~	combat|duel|grapple|people|ring|tournament|wrestle|wrestling
🤼‍♂️	men wrestling	People & Body	🤼~‍♂️	combat|duel|grapple|men|ring|tournament|wrestle|wrestling
🤼‍♀️	women wrestling	People & Body	🤼~‍♀️	combat|duel|grapple|ring|tournament|women|wrestle|wrestling
🤽	person playing water polo	People & Body	🤽~	person|playing|polo|sport|swimming|water|waterpolo
🤽‍♂️	man playing water polo	People & Body	🤽~‍♂️	man|playing|polo|sport|swimming|water|waterpolo
🤽‍♀️	woman playing water polo	People & Body	🤽~‍♀️	playing|polo|sport|swimming|water|waterpolo|woman
🤾	person playing handball	People & Body	🤾~	athletics|ball|catch|chuck|handball|hurl|lob|person|pitch|playing|sport|throw|toss
🤾‍♂️	man playing handball	People & Body	🤾~‍♂️	athletics|ball|catch|chuck|handball|hurl|lob|man|pitch|playing|sport|throw|toss
🤾‍♀️	woman playing handball	People & Body	🤾~‍♀️	athletics|ball|catch|chuck|handball|hurl|lob|pitch|playing|sport|throw|toss|woman
🤹	person juggling	People & Body	🤹~	act|balance|balancing|handle|juggle|juggling|manage|multitask|person|skill
🤹‍♂️	man juggling	People & Body	🤹~‍♂️	act|balance|balancing|handle|juggle|juggling|man|manage|multitask|skill
🤹‍♀️	woman juggling	People & Body	🤹~‍♀️	act|balance|balancing|handle|juggle|juggling|manage|multitask|skill|woman
🧘	person in lotus position	People & Body	🧘~	cross|legged|legs|lotus|meditation|peace|person|position|relax|serenity|yoga|yogi|zen
🧘‍♂️	man in lotus position	People & Body	🧘~‍♂️	cross|legged|legs|lotus|man|meditation|peace|position|relax|serenity|yoga|yogi|zen
🧘‍♀️	woman in lotus position	People & Body	🧘~‍♀️	cross|legged|legs|lotus|meditation|peace|position|relax|serenity|woman|yoga|yogi|zen
🛀	person taking bath	People & Body	🛀~	bath|bathtub|person|taking|tub
🛌	person in bed	People & Body	🛌~	bed|bedtime|good|goodnight|hotel|nap|night|person|sleep|tired|zzz
🧑‍🤝‍🧑	people holding hands	People & Body	🧑~‍🤝‍🧑~	bae|bestie|bff|couple|dating|flirt|friends|hand|hold|people|twins
👭	women holding hands	People & Body	👭~	bae|bestie|bff|couple|dating|flirt|friends|girls|hand|hold|sisters|twins|women
👫	woman and man holding hands	People & Body	👫~	bae|bestie|bff|couple|dating|flirt|friends|hand|hold|man|twins|woman
👬	men holding hands	People & Body	👬~	bae|bestie|bff|boys|brothers|couple|dating|flirt|friends|hand|hold|men|twins
💏	kiss	People & Body	💏~	anniversary|babe|bae|couple|date|dating|heart|kiss|love|mwah|person|romance|together|xoxo
👩‍❤️‍💋‍👨	kiss: woman, man	People & Body		anniversary|babe|bae|couple|date|dating|heart|kiss|love|man|mwah|person|romance|together|woman|xoxo
👨‍❤️‍💋‍👨	kiss: man, man	People & Body		anniversary|babe|bae|couple|date|dating|heart|kiss|love|man|mwah|person|romance|together|xoxo
👩‍❤️‍💋‍👩	kiss: woman, woman	People & Body		anniversary|babe|bae|couple|date|dating|heart|kiss|love|mwah|person|romance|together|woman|xoxo
💑	couple with heart	People & Body	💑~	anniversary|babe|bae|couple|dating|heart|kiss|love|person|relationship|romance|together|you
👩‍❤️‍👨	couple with heart: woman, man	People & Body		anniversary|babe|bae|couple|dating|heart|kiss|love|man|person|relationship|romance|together|woman|you
👨‍❤️‍👨	couple with heart: man, man	People & Body		anniversary|babe|bae|couple|dating|heart|kiss|love|man|person|relationship|romance|together|you
👩‍❤️‍👩	couple with heart: woman, woman	People & Body		anniversary|babe|bae|couple|dating|heart|kiss|love|person|relationship|romance|together|woman|you
👨‍👩‍👦	family: man, woman, boy	People & Body		boy|child|family|man|woman
👨‍👩‍👧	family: man, woman, girl	People & Body		child|family|girl|man|woman
👨‍👩‍👧‍👦	family: man, woman, girl, boy	People & Body		boy|child|family|girl|man|woman
👨‍👩‍👦‍👦	family: man, woman, boy, boy	People & Body		boy|child|family|man|woman
👨‍👩‍👧‍👧	family: man, woman, girl, girl	People & Body		child|family|girl|man|woman
👨‍👨‍👦	family: man, man, boy	People & Body		boy|child|family|man
👨‍👨‍👧	family: man, man, girl	People & Body		child|family|girl|man
👨‍👨‍👧‍👦	family: man, man, girl, boy	People & Body		boy|child|family|girl|man
👨‍👨‍👦‍👦	family: man, man, boy, boy	People & Body		boy|child|family|man
👨‍👨‍👧‍👧	family: man, man, girl, girl	People & Body		child|family|girl|man
👩‍👩‍👦	family: woman, woman, boy	People & Body		boy|child|family|woman
👩‍👩‍👧	family: woman, woman, girl	People & Body		child|family|girl|woman
👩‍👩‍👧‍👦	family: woman, woman, girl, boy	People & Body		boy|child|family|girl|woman
👩‍👩‍👦‍👦	family: woman, woman, boy, boy	People & Body		boy|child|family|woman
👩‍👩‍👧‍👧	family: woman, woman, girl, girl	People & Body		child|family|girl|woman
👨‍👦	family: man, boy	People & Body		boy|child|family|man
👨‍👦‍👦	family: man, boy, boy	People & Body		boy|child|family|man
👨‍👧	family: man, girl	People & Body		child|family|girl|man
👨‍👧‍👦	family: man, girl, boy	People & Body		boy|child|family|girl|man
👨‍👧‍👧	family: man, girl, girl	People & Body		child|family|girl|man
👩‍👦	family: woman, boy	People & Body		boy|child|family|woman
👩‍👦‍👦	family: woman, boy, boy	People & Body		boy|child|family|woman
👩‍👧	family: woman, girl	People & Body		child|family|girl|woman
👩‍👧‍👦	family: woman, girl, boy	People & Body		boy|child|family|girl|woman
👩‍👧‍👧	family: woman, girl, girl	People & Body		child|family|girl|woman
🗣️	speaking head	People & Body		face|head|silhouette|speak|speaking
👤	bust in silhouette	People & Body		bust|mysterious|shadow|silhouette
👥	busts in silhouette	People & Body		bff|bust|busts|everyone|friend|friends|people|silhouette
🫂	people hugging	People & Body		comfort|embrace|farewell|friendship|goodbye|hello|hug|hugging|love|people|thanks
👪	family	People & Body		child|family
🧑‍🧑‍🧒	family: adult, adult, child	People & Body		adult|child|family
🧑‍🧑‍🧒‍🧒	family: adult, adult, child, child	People & Body		adult|child|family
🧑‍🧒	family: adult, child	People & Body		adult|child|family
🧑‍🧒‍🧒	family: adult, child, child	People & Body		adult|child|family
👣	footprints	People & Body		barefoot|clothing|footprint|footprints|omw|print|walk
🫆	fingerprint	People & Body		clue|crime|detective|fingerprint|forensics|identity|mystery|print|safety|trace
🐵	monkey face	Animals & Nature		animal|banana|face|monkey
🐒	monkey	Animals & Nature		animal|banana|monkey
🦍	gorilla	Animals & Nature		animal|gorilla
🦧	orangutan	Animals & Nature		animal|ape|monkey|orangutan
🐶	dog face	Animals & Nature		adorbs|animal|dog|face|pet|puppies|puppy
🐕	dog	Animals & Nature		animal|animals|dog|dogs|pet
🦮	guide dog	Animals & Nature		accessibility|animal|blind|dog|guide
🐕‍🦺	service dog	Animals & Nature		accessibility|animal|assistance|dog|service
🐩	poodle	Animals & Nature		animal|dog|fluffy|poodle
🐺	wolf	Animals & Nature		animal|face|wolf
🦊	fox	Animals & Nature		animal|face|fox
🦝	raccoon	Animals & Nature		animal|curious|raccoon|sly
🐱	cat face	Animals & Nature		animal|cat|face|kitten|kitty|pet
🐈	cat	Animals & Nature		animal|animals|cat|cats|kitten|pet
🐈‍⬛	black cat	Animals & Nature		animal|black|cat|feline|halloween|meow|unlucky
🦁	lion	Animals & Nature		alpha|animal|face|leo|lion|mane|order|rawr|roar|safari|strong|zodiac
🐯	tiger face	Animals & Nature		animal|big|cat|face|predator|tiger
🐅	tiger	Animals & Nature		animal|big|cat|predator|tiger|zoo
🐆	leopard	Animals & Nature		animal|big|cat|leopard|predator|zoo
🐴	horse face	Animals & Nature		animal|dressage|equine|face|farm|horse|horses
🫎	moose	Animals & Nature		alces|animal|antlers|elk|mammal|moose
🫏	donkey	Animals & Nature		animal|ass|burro|donkey|hinny|mammal|mule|stubborn
🐎	horse	Animals & Nature		animal|equestrian|farm|horse|racehorse|racing
🦄	unicorn	Animals & Nature		face|unicorn
🦓	zebra	Animals & Nature		animal|stripe|zebra
🦌	deer	Animals & Nature		animal|deer
🦬	bison	Animals & Nature		animal|bison|buffalo|herd|wisent
🐮	cow face	Animals & Nature		animal|cow|face|farm|milk|moo
🐂	ox	Animals & Nature		animal|animals|bull|farm|ox|taurus|zodiac
🐃	water buffalo	Animals & Nature		animal|buffalo|water|zoo
🐄	cow	Animals & Nature		animal|animals|cow|farm|milk|moo
🐷	pig face	Animals & Nature		animal|bacon|face|farm|pig|pork
🐖	pig	Animals & Nature		animal|bacon|farm|pig|pork|sow
🐗	boar	Animals & Nature		animal|boar|pig
🐽	pig nose	Animals & Nature		animal|face|farm|nose|pig|smell|snout
🐏	ram	Animals & Nature		animal|aries|horns|male|ram|sheep|zodiac|zoo
🐑	ewe	Animals & Nature		animal|baa|ewe|farm|female|fluffy|lamb|sheep|wool
🐐	goat	Animals & Nature		animal|capricorn|farm|goat|milk|zodiac
🐪	camel	Animals & Nature		animal|camel|desert|dromedary|hump|one
🐫	two-hump camel	Animals & Nature		animal|bactrian|camel|desert|hump|two|two-hump
🦙	llama	Animals & Nature		alpaca|animal|guanaco|llama|vicuña|wool
🦒	giraffe	Animals & Nature		animal|giraffe|spots
🐘	elephant	Animals & Nature		animal|elephant
🦣	mammoth	Animals & Nature		animal|extinction|large|mammoth|tusk|wooly
🦏	rhinoceros	Animals & Nature		animal|rhinoceros
🦛	hippopotamus	Animals & Nature		animal|hippo|hippopotamus
🐭	mouse face	Animals & Nature		animal|face|mouse
🐁	mouse	Animals & Nature		animal|animals|mouse
🐀	rat	Animals & Nature		animal|rat
🐹	hamster	Animals & Nature		animal|face|hamster|pet
🐰	rabbit face	Animals & Nature		animal|bunny|face|pet|rabbit
🐇	rabbit	Animals & Nature		animal|bunny|pet|rabbit
🐿️	chipmunk	Animals & Nature		animal|chipmunk|squirrel
🦫	beaver	Animals & Nature		animal|beaver|dam|teeth
🦔	hedgehog	Animals & Nature		animal|hedgehog|spiny
🦇	bat	Animals & Nature		animal|bat|vampire
🐻	bear	Animals & Nature		animal|bear|face|grizzly|growl|honey
🐻‍❄️	polar bear	Animals & Nature		animal|arctic|bear|polar|white
🐨	koala	Animals & Nature		animal|australia|bear|down|face|koala|marsupial|under
🐼	panda	Animals & Nature		animal|bamboo|face|panda
🦥	sloth	Animals & Nature		lazy|sloth|slow
🦦	otter	Animals & Nature		animal|fishing|otter|playful
🦨	skunk	Animals & Nature		animal|skunk|stink
🦘	kangaroo	Animals & Nature		animal|joey|jump|kangaroo|marsupial
🦡	badger	Animals & Nature		animal|badger|honey|pester
🐾	paw prints	Animals & Nature		feet|paw|paws|print|prints
🦃	turkey	Animals & Nature		bird|gobble|thanksgiving|turkey
🐔	chicken	Animals & Nature		animal|bird|chicken|ornithology
🐓	rooster	Animals & Nature		animal|bird|ornithology|rooster
🐣	hatching chick	Animals & Nature		animal|baby|bird|chick|egg|hatching
🐤	baby chick	Animals & Nature		animal|baby|bird|chick|ornithology
🐥	front-facing baby chick	Animals & Nature		animal|baby|bird|chick|front-facing|newborn|ornithology
🐦	bird	Animals & Nature		animal|bird|ornithology
🐧	penguin	Animals & Nature		animal|antarctica|bird|ornithology|penguin
🕊️	dove	Animals & Nature		bird|dove|fly|ornithology|peace
🦅	eagle	Animals & Nature		animal|bird|eagle|ornithology
🦆	duck	Animals & Nature		animal|bird|duck|ornithology
🦢	swan	Animals & Nature		animal|bird|cygnet|duckling|ornithology|swan|ugly
🦉	owl	Animals & Nature		animal|bird|ornithology|owl|wise
🦤	dodo	Animals & Nature		animal|bird|dodo|extinction|large|ornithology
🪶	feather	Animals & Nature		bird|feather|flight|light|plumage
🦩	flamingo	Animals & Nature		animal|bird|flamboyant|flamingo|ornithology|tropical
🦚	peacock	Animals & Nature		animal|bird|colorful|ornithology|ostentatious|peacock|peahen|pretty|proud
🦜	parrot	Animals & Nature		animal|bird|ornithology|parrot|pirate|talk
🪽	wing	Animals & Nature		angelic|ascend|aviation|bird|fly|flying|heavenly|mythology|soar|wing
🐦‍⬛	black bird	Animals & Nature		animal|beak|bird|black|caw|corvid|crow|ornithology|raven|rook
🪿	goose	Animals & Nature		animal|bird|duck|flock|fowl|gaggle|gander|geese|goose|honk|ornithology|silly
🐦‍🔥	phoenix	Animals & Nature		ascend|ascension|emerge|fantasy|firebird|glory|immortal|phoenix|rebirth|reincarnation|reinvent|renewal|revival|revive|rise|transform
🐸	frog	Animals & Nature		animal|face|frog
🐊	crocodile	Animals & Nature		animal|crocodile|zoo
🐢	turtle	Animals & Nature		animal|terrapin|tortoise|turtle
🦎	lizard	Animals & Nature		animal|lizard|reptile
🐍	snake	Animals & Nature		animal|bearer|ophiuchus|serpent|snake|zodiac
🐲	dragon face	Animals & Nature		animal|dragon|face|fairy|fairytale|tale
🐉	dragon	Animals & Nature		animal|dragon|fairy|fairytale|knights|tale
🦕	sauropod	Animals & Nature		brachiosaurus|brontosaurus|dinosaur|diplodocus|sauropod
🦖	T-Rex	Animals & Nature		dinosaur|rex|t|t-rex|tyrannosaurus
🐳	spouting whale	Animals & Nature		animal|beach|face|ocean|spouting|whale
🐋	whale	Animals & Nature		animal|beach|ocean|whale
🐬	dolphin	Animals & Nature		animal|beach|dolphin|flipper|ocean
🫍	orca	Animals & Nature		marine|ocean|whale
🦭	seal	Animals & Nature		animal|lion|ocean|sea|seal
🐟	fish	Animals & Nature		animal|dinner|fish|fishes|fishing|pisces|zodiac
🐠	tropical fish	Animals & Nature		animal|fish|fishes|tropical
🐡	blowfish	Animals & Nature		animal|blowfish|fish
🦈	shark	Animals & Nature		animal|fish|shark
🐙	octopus	Animals & Nature		animal|creature|ocean|octopus
🐚	spiral shell	Animals & Nature		animal|beach|conch|sea|shell|spiral
🪸	coral	Animals & Nature		change|climate|coral|ocean|reef|sea
🪼	jellyfish	Animals & Nature		animal|aquarium|burn|invertebrate|jelly|jellyfish|life|marine|ocean|ouch|plankton|sea|sting|stinger|tentacles
🦀	crab	Animals & Nature		cancer|crab|zodiac
🦞	lobster	Animals & Nature		animal|bisque|claws|lobster|seafood
🦐	shrimp	Animals & Nature		food|shellfish|shrimp|small
🦑	squid	Animals & Nature		animal|food|mollusk|squid
🦪	oyster	Animals & Nature		diving|oyster|pearl
🐌	snail	Animals & Nature		animal|escargot|garden|nature|slug|snail
🦋	butterfly	Animals & Nature		butterfly|insect|pretty
🫌	monarch butterfly	Animals & Nature		caterpillar|change|fragile|hope|insect|metamorphosis|migration|transformation
🐛	bug	Animals & Nature		animal|bug|garden|insect
🐜	ant	Animals & Nature		animal|ant|garden|insect
🐝	honeybee	Animals & Nature		animal|bee|bumblebee|honey|honeybee|insect|nature|spring
🪲	beetle	Animals & Nature		animal|beetle|bug|insect
🐞	lady beetle	Animals & Nature		animal|beetle|garden|insect|lady|ladybird|ladybug|nature
🦗	cricket	Animals & Nature		animal|bug|cricket|grasshopper|insect|orthoptera
🪳	cockroach	Animals & Nature		animal|cockroach|insect|pest|roach
🕷️	spider	Animals & Nature		animal|insect|spider
🕸️	spider web	Animals & Nature		spider|web
🦂	scorpion	Animals & Nature		scorpio|scorpion|scorpius|zodiac
🦟	mosquito	Animals & Nature		bite|disease|fever|insect|malaria|mosquito|pest|virus
🪰	fly	Animals & Nature		animal|disease|fly|insect|maggot|pest|rotting
🪱	worm	Animals & Nature		animal|annelid|earthworm|parasite|worm
🦠	microbe	Animals & Nature		amoeba|bacteria|microbe|science|virus
💐	bouquet	Animals & Nature		anniversary|birthday|bouquet|date|flower|love|plant|romance
🌸	cherry blossom	Animals & Nature		blossom|cherry|flower|plant|spring|springtime
💮	white flower	Animals & Nature		flower|white
🪷	lotus	Animals & Nature		beauty|buddhism|calm|flower|hinduism|lotus|peace|purity|serenity
🏵️	rosette	Animals & Nature		plant|rosette
🌹	rose	Animals & Nature		beauty|elegant|flower|love|plant|red|rose|valentine
🥀	wilted flower	Animals & Nature		dying|flower|wilted
🌺	hibiscus	Animals & Nature		flower|hibiscus|plant
🌻	sunflower	Animals & Nature		flower|outdoors|plant|sun|sunflower
🌼	blossom	Animals & Nature		blossom|buttercup|dandelion|flower|plant
🌷	tulip	Animals & Nature		blossom|flower|growth|plant|tulip
🪻	hyacinth	Animals & Nature		bloom|bluebonnet|flower|hyacinth|indigo|lavender|lilac|lupine|plant|purple|shrub|snapdragon|spring|violet
🌱	seedling	Animals & Nature		plant|sapling|seedling|sprout|young
🪴	potted plant	Animals & Nature		decor|grow|house|nurturing|plant|pot|potted
🌲	evergreen tree	Animals & Nature		christmas|evergreen|forest|pine|tree
🌳	deciduous tree	Animals & Nature		deciduous|forest|green|habitat|shedding|tree
🌴	palm tree	Animals & Nature		beach|palm|plant|tree|tropical
🌵	cactus	Animals & Nature		cactus|desert|drought|nature|plant
🌾	sheaf of rice	Animals & Nature		ear|grain|grains|plant|rice|sheaf
🌿	herb	Animals & Nature		herb|leaf|plant
☘️	shamrock	Animals & Nature		irish|plant|shamrock
🍀	four leaf clover	Animals & Nature		4|clover|four|four-leaf|irish|leaf|lucky|plant
🍁	maple leaf	Animals & Nature		falling|leaf|maple
🍂	fallen leaf	Animals & Nature		autumn|fall|fallen|falling|leaf
🍃	leaf fluttering in wind	Animals & Nature		blow|flutter|fluttering|leaf|wind
🪹	empty nest	Animals & Nature		branch|empty|home|nest|nesting
🪺	nest with eggs	Animals & Nature		bird|branch|egg|eggs|nest|nesting
🍄	mushroom	Animals & Nature		fungus|mushroom|toadstool
🪾	leafless tree	Animals & Nature		bare|barren|branches|dead|drought|leafless|tree|trunk|winter|wood
🍇	grapes	Food & Drink		dionysus|fruit|grape|grapes
🍈	melon	Food & Drink		cantaloupe|fruit|melon
🍉	watermelon	Food & Drink		fruit|watermelon
🍊	tangerine	Food & Drink		c|citrus|fruit|nectarine|orange|tangerine|vitamin
🍋	lemon	Food & Drink		citrus|fruit|lemon|sour
🍋‍🟩	lime	Food & Drink		acidity|citrus|cocktail|fruit|garnish|key|lime|margarita|mojito|refreshing|salsa|sour|tangy|tequila|tropical|zest
🍌	banana	Food & Drink		banana|fruit|potassium
🍍	pineapple	Food & Drink		colada|fruit|pina|pineapple|tropical
🥭	mango	Food & Drink		food|fruit|mango|tropical
🍎	red apple	Food & Drink		apple|diet|food|fruit|health|red|ripe
🍏	green apple	Food & Drink		apple|fruit|green
🍐	pear	Food & Drink		fruit|pear
🍑	peach	Food & Drink		fruit|peach
🍒	cherries	Food & Drink		berries|cherries|cherry|fruit|red
🍓	strawberry	Food & Drink		berry|fruit|strawberry
🫐	blueberries	Food & Drink		berries|berry|bilberry|blue|blueberries|blueberry|food|fruit
🥝	kiwi fruit	Food & Drink		food|fruit|kiwi
🍅	tomato	Food & Drink		food|fruit|tomato|vegetable
🫒	olive	Food & Drink		food|olive
🥥	coconut	Food & Drink		coconut|colada|palm|piña
🥑	avocado	Food & Drink		avocado|food|fruit
🍆	eggplant	Food & Drink		aubergine|eggplant|vegetable
🥔	potato	Food & Drink		food|potato|vegetable
🥕	carrot	Food & Drink		carrot|food|vegetable
🌽	ear of corn	Food & Drink		corn|crops|ear|farm|maize|maze
🌶️	hot pepper	Food & Drink		hot|pepper
🫑	bell pepper	Food & Drink		bell|capsicum|food|pepper|vegetable
🥒	cucumber	Food & Drink		cucumber|food|pickle|vegetable
🫝	pickle	Food & Drink		brine|condiment|cucumber|ferment|gherkin|relish|trouble
🥬	leafy green	Food & Drink		bok|burgers|cabbage|choy|green|kale|leafy|lettuce|salad
🥦	broccoli	Food & Drink		broccoli|cabbage|wild
🧄	garlic	Food & Drink		flavoring|garlic
🧅	onion	Food & Drink		flavoring|onion
🥜	peanuts	Food & Drink		food|nut|peanut|peanuts|vegetable
🫘	beans	Food & Drink		beans|food|kidney|legume|small
🌰	chestnut	Food & Drink		almond|chestnut|plant
🫚	ginger root	Food & Drink		beer|ginger|health|herb|natural|root|spice
🫛	pea pod	Food & Drink		beans|beanstalk|edamame|legume|pea|pod|soybean|vegetable|veggie
🍄‍🟫	brown mushroom	Food & Drink		food|fungi|fungus|mushroom|nature|pizza|portobello|shiitake|shroom|spore|sprout|toppings|truffle|vegetable|vegetarian|veggie
🫜	root vegetable	Food & Drink		beet|food|garden|radish|root|salad|turnip|vegetable|vegetarian
🍞	bread	Food & Drink		bread|carbs|food|grain|loaf|restaurant|toast|wheat
🥐	croissant	Food & Drink		bread|breakfast|crescent|croissant|food|french|roll
🥖	baguette bread	Food & Drink		baguette|bread|food|french
🫓	flatbread	Food & Drink		arepa|bread|flatbread|food|gordita|lavash|naan|pita
🥨	pretzel	Food & Drink		convoluted|pretzel|twisted
🥯	bagel	Food & Drink		bagel|bakery|bread|breakfast|schmear
🥞	pancakes	Food & Drink		breakfast|crêpe|food|hotcake|pancake|pancakes
🧇	waffle	Food & Drink		breakfast|indecisive|iron|waffle
🧀	cheese wedge	Food & Drink		cheese|wedge
🍖	meat on bone	Food & Drink		bone|meat
🍗	poultry leg	Food & Drink		bone|chicken|drumstick|hungry|leg|poultry|turkey
🥩	cut of meat	Food & Drink		chop|cut|lambchop|meat|porkchop|red|steak
🥓	bacon	Food & Drink		bacon|breakfast|food|meat
🍔	hamburger	Food & Drink		burger|eat|fast|food|hamburger|hungry
🍟	french fries	Food & Drink		fast|food|french|fries
🍕	pizza	Food & Drink		cheese|food|hungry|pepperoni|pizza|slice
🌭	hot dog	Food & Drink		dog|frankfurter|hot|hotdog|sausage
🥪	sandwich	Food & Drink		bread|sandwich
🌮	taco	Food & Drink		mexican|taco
🌯	burrito	Food & Drink		burrito|mexican|wrap
🫔	tamale	Food & Drink		food|mexican|pamonha|tamale|wrapped
🥙	stuffed flatbread	Food & Drink		falafel|flatbread|food|gyro|kebab|stuffed
🧆	falafel	Food & Drink		chickpea|falafel|meatball
🥚	egg	Food & Drink		breakfast|egg|food
🍳	cooking	Food & Drink		breakfast|cooking|easy|egg|fry|frying|over|pan|restaurant|side|sunny|up
🥘	shallow pan of food	Food & Drink		casserole|food|paella|pan|shallow
🍲	pot of food	Food & Drink		food|pot|soup|stew
🫕	fondue	Food & Drink		cheese|chocolate|fondue|food|melted|pot|ski
🥣	bowl with spoon	Food & Drink		bowl|breakfast|cereal|congee|oatmeal|porridge|spoon
🥗	green salad	Food & Drink		food|green|salad
🍿	popcorn	Food & Drink		corn|movie|pop|popcorn
🧈	butter	Food & Drink		butter|dairy
🧂	salt	Food & Drink		condiment|flavor|mad|salt|salty|shaker|taste|upset
🥫	canned food	Food & Drink		can|canned|food
🍱	bento box	Food & Drink		bento|box|food
🍘	rice cracker	Food & Drink		cracker|food|rice
🍙	rice ball	Food & Drink		ball|food|japanese|rice
🍚	cooked rice	Food & Drink		cooked|food|rice
🍛	curry rice	Food & Drink		curry|food|rice
🍜	steaming bowl	Food & Drink		bowl|chopsticks|food|noodle|pho|ramen|soup|steaming
🍝	spaghetti	Food & Drink		food|meatballs|pasta|restaurant|spaghetti
🍠	roasted sweet potato	Food & Drink		food|potato|roasted|sweet
🍢	oden	Food & Drink		food|kebab|oden|restaurant|seafood|skewer|stick
🍣	sushi	Food & Drink		food|sushi
🍤	fried shrimp	Food & Drink		fried|prawn|shrimp|tempura
🍥	fish cake with swirl	Food & Drink		cake|fish|food|pastry|restaurant|swirl
🥮	moon cake	Food & Drink		autumn|cake|festival|moon|yuèbǐng
🍡	dango	Food & Drink		dango|dessert|japanese|skewer|stick|sweet
🥟	dumpling	Food & Drink		dumpling|empanada|gyōza|jiaozi|pierogi|potsticker
🥠	fortune cookie	Food & Drink		cookie|fortune|prophecy
🥡	takeout box	Food & Drink		box|chopsticks|delivery|food|oyster|pail|takeout
🍦	soft ice cream	Food & Drink		cream|dessert|food|ice|icecream|restaurant|serve|soft|sweet
🍧	shaved ice	Food & Drink		dessert|ice|restaurant|shaved|sweet
🍨	ice cream	Food & Drink		cream|dessert|food|ice|restaurant|sweet
🍩	doughnut	Food & Drink		breakfast|dessert|donut|doughnut|food|sweet
🍪	cookie	Food & Drink		chip|chocolate|cookie|dessert|sweet
🎂	birthday cake	Food & Drink		bday|birthday|cake|celebration|dessert|happy|pastry|sweet
🍰	shortcake	Food & Drink		cake|dessert|pastry|shortcake|slice|sweet
🧁	cupcake	Food & Drink		bakery|cupcake|dessert|sprinkles|sugar|sweet|treat
🥧	pie	Food & Drink		apple|filling|fruit|meat|pastry|pie|pumpkin|slice
🍫	chocolate bar	Food & Drink		bar|candy|chocolate|dessert|halloween|sweet|tooth
🍬	candy	Food & Drink		candy|cavities|dessert|halloween|restaurant|sweet|tooth|wrapper
🍭	lollipop	Food & Drink		candy|dessert|food|lollipop|restaurant|sweet
🍮	custard	Food & Drink		custard|dessert|pudding|sweet
🍯	honey pot	Food & Drink		barrel|bear|food|honey|honeypot|jar|pot|sweet
🍼	baby bottle	Food & Drink		babies|baby|birth|born|bottle|drink|infant|milk|newborn
🥛	glass of milk	Food & Drink		drink|glass|milk
☕	hot beverage	Food & Drink		beverage|cafe|caffeine|chai|coffee|drink|hot|morning|steaming|tea
🫖	teapot	Food & Drink		brew|drink|food|pot|tea|teapot
🍵	teacup without handle	Food & Drink		beverage|cup|drink|handle|oolong|tea|teacup
🍶	sake	Food & Drink		bar|beverage|bottle|cup|drink|restaurant|sake
🍾	bottle with popping cork	Food & Drink		bar|bottle|cork|drink|popping
🍷	wine glass	Food & Drink		alcohol|bar|beverage|booze|club|drink|drinking|drinks|glass|restaurant|wine
🍸	cocktail glass	Food & Drink		alcohol|bar|booze|club|cocktail|drink|drinking|drinks|glass|mad|martini|men
🍹	tropical drink	Food & Drink		alcohol|bar|booze|club|cocktail|drink|drinking|drinks|drunk|mai|party|tai|tropical|tropics
🍺	beer mug	Food & Drink		alcohol|ale|bar|beer|booze|drink|drinking|drinks|mug|octoberfest|oktoberfest|pint|stein|summer
🍻	clinking beer mugs	Food & Drink		alcohol|bar|beer|booze|bottoms|cheers|clink|clinking|drinking|drinks|mugs
🥂	clinking glasses	Food & Drink		celebrate|clink|clinking|drink|glass|glasses
🥃	tumbler glass	Food & Drink		glass|liquor|scotch|shot|tumbler|whiskey|whisky
🫗	pouring liquid	Food & Drink		accident|drink|empty|glass|liquid|oops|pour|pouring|spill|water
🥤	cup with straw	Food & Drink		cup|drink|juice|malt|soda|soft|straw|water
🧋	bubble tea	Food & Drink		boba|bubble|food|milk|pearl|tea
🧃	beverage box	Food & Drink		beverage|box|juice|straw|sweet
🧉	mate	Food & Drink		drink|mate
🧊	ice	Food & Drink		cold|cube|ice|iceberg
🥢	chopsticks	Food & Drink		chopsticks|hashi|jeotgarak|kuaizi
🍽️	fork and knife with plate	Food & Drink		cooking|dinner|eat|fork|knife|plate
🍴	fork and knife	Food & Drink		breakfast|breaky|cooking|cutlery|delicious|dinner|eat|feed|food|fork|hungry|knife|lunch|restaurant|yum|yummy
🥄	spoon	Food & Drink		eat|spoon|tableware
🔪	kitchen knife	Food & Drink		chef|cooking|hocho|kitchen|knife|tool|weapon
🫙	jar	Food & Drink		condiment|container|empty|jar|nothing|sauce|store
🏺	amphora	Food & Drink		amphora|aquarius|cooking|drink|jug|tool|weapon|zodiac
🌍	globe showing Europe-Africa	Travel & Places		africa|earth|europe|europe-africa|globe|showing|world
🌎	globe showing Americas	Travel & Places		americas|earth|globe|showing|world
🌏	globe showing Asia-Australia	Travel & Places		asia|asia-australia|australia|earth|globe|showing|world
🌐	globe with meridians	Travel & Places		earth|globe|internet|meridians|web|world|worldwide
🗺️	world map	Travel & Places		map|world
🗾	map of Japan	Travel & Places		japan|map
🧭	compass	Travel & Places		compass|direction|magnetic|navigation|orienteering
🏔️	snow-capped mountain	Travel & Places		cold|mountain|snow|snow-capped
⛰️	mountain	Travel & Places		mountain
🛘	landslide	Travel & Places		avalanche|danger|disaster|earthquake|mountain|mudslide|rocks
🌋	volcano	Travel & Places		eruption|mountain|nature|volcano
🗻	mount fuji	Travel & Places		fuji|mount|mountain|nature
🏕️	camping	Travel & Places		camping
🏖️	beach with umbrella	Travel & Places		beach|umbrella
🏜️	desert	Travel & Places		desert
🏝️	desert island	Travel & Places		desert|island
🏞️	national park	Travel & Places		national|park
🏟️	stadium	Travel & Places		stadium
🏛️	classical building	Travel & Places		building|classical
🏗️	building construction	Travel & Places		building|construction|crane
🧱	brick	Travel & Places		brick|bricks|clay|mortar|wall
🪨	rock	Travel & Places		boulder|heavy|rock|solid|stone|tough
🪵	wood	Travel & Places		log|lumber|timber|wood
🛖	hut	Travel & Places		home|house|hut|roundhouse|shelter|yurt
🏘️	houses	Travel & Places		house|houses
🏚️	derelict house	Travel & Places		derelict|home|house
🏠	house	Travel & Places		building|country|heart|home|house|ranch|settle|simple|suburban|suburbia|where
🏡	house with garden	Travel & Places		building|country|garden|heart|home|house|ranch|settle|simple|suburban|suburbia|where
🏢	office building	Travel & Places		building|city|cubical|job|office
🏣	Japanese post office	Travel & Places		building|japanese|office|post
🏤	post office	Travel & Places		building|european|office|post
🏥	hospital	Travel & Places		building|doctor|hospital|medicine
🏦	bank	Travel & Places		bank|building
🏨	hotel	Travel & Places		building|hotel
🏩	love hotel	Travel & Places		building|hotel|love
🏪	convenience store	Travel & Places		24|building|convenience|hours|store
🏫	school	Travel & Places		building|school
🏬	department store	Travel & Places		building|department|store
🏭	factory	Travel & Places		building|factory
🏯	Japanese castle	Travel & Places		building|castle|japanese
🏰	castle	Travel & Places		building|castle|european
💒	wedding	Travel & Places		chapel|hitched|nuptials|romance|wedding
🗼	Tokyo tower	Travel & Places		tokyo|tower
🗽	Statue of Liberty	Travel & Places		liberty|liberty|new|ny|nyc|statue|statue|york
⛪	church	Travel & Places		bless|chapel|christian|church|cross|religion
🕌	mosque	Travel & Places		islam|masjid|mosque|muslim|religion
🛕	hindu temple	Travel & Places		hindu|temple
🕍	synagogue	Travel & Places		jew|jewish|judaism|religion|synagogue|temple
⛩️	shinto shrine	Travel & Places		religion|shinto|shrine
🕋	kaaba	Travel & Places		hajj|islam|kaaba|muslim|religion|umrah
⛲	fountain	Travel & Places		fountain
⛺	tent	Travel & Places		camping|tent
🌁	foggy	Travel & Places		fog|foggy
🌃	night with stars	Travel & Places		night|star|stars
🏙️	cityscape	Travel & Places		city|cityscape
🌄	sunrise over mountains	Travel & Places		morning|mountains|over|sun|sunrise
🌅	sunrise	Travel & Places		morning|nature|sun|sunrise
🌆	cityscape at dusk	Travel & Places		at|building|city|cityscape|dusk|evening|landscape|sun|sunset
🌇	sunset	Travel & Places		building|dusk|sun|sunset
🌉	bridge at night	Travel & Places		at|bridge|night
♨️	hot springs	Travel & Places		hot|hotsprings|springs|steaming
🎠	carousel horse	Travel & Places		carousel|entertainment|horse
🛝	playground slide	Travel & Places		amusement|park|play|playground|playing|slide|sliding|theme
🎡	ferris wheel	Travel & Places		amusement|ferris|park|theme|wheel
🎢	roller coaster	Travel & Places		amusement|coaster|park|roller|theme
💈	barber pole	Travel & Places		barber|cut|fresh|haircut|pole|shave
🎪	circus tent	Travel & Places		circus|tent
🚂	locomotive	Travel & Places		caboose|engine|locomotive|railway|steam|train|trains|travel
🚃	railway car	Travel & Places		car|electric|railway|train|tram|travel|trolleybus
🚄	high-speed train	Travel & Places		high-speed|railway|shinkansen|speed|train
🚅	bullet train	Travel & Places		bullet|high-speed|nose|railway|shinkansen|speed|train|travel
🚆	train	Travel & Places		arrived|choo|railway|train
🚇	metro	Travel & Places		metro|subway|travel
🚈	light rail	Travel & Places		arrived|light|monorail|rail|railway
🚉	station	Travel & Places		railway|station|train
🚊	tram	Travel & Places		tram|trolleybus
🚝	monorail	Travel & Places		monorail|vehicle
🚞	mountain railway	Travel & Places		car|mountain|railway|trip
🚋	tram car	Travel & Places		bus|car|tram|trolley|trolleybus
🚌	bus	Travel & Places		bus|school|vehicle
🚍	oncoming bus	Travel & Places		bus|cars|oncoming
🚎	trolleybus	Travel & Places		bus|tram|trolley|trolleybus
🚐	minibus	Travel & Places		bus|drive|minibus|van|vehicle
🚑	ambulance	Travel & Places		ambulance|emergency|vehicle
🚒	fire engine	Travel & Places		engine|fire|truck
🚓	police car	Travel & Places		5–0|car|cops|patrol|police
🚔	oncoming police car	Travel & Places		car|oncoming|police
🚕	taxi	Travel & Places		cab|cabbie|car|drive|taxi|vehicle|yellow
🚖	oncoming taxi	Travel & Places		cab|cabbie|cars|drove|hail|oncoming|taxi|yellow
🚗	automobile	Travel & Places		automobile|car|driving|vehicle
🚘	oncoming automobile	Travel & Places		automobile|car|cars|drove|oncoming|vehicle
🚙	sport utility vehicle	Travel & Places		car|drive|recreational|sport|sportutility|utility|vehicle
🛻	pickup truck	Travel & Places		automobile|car|flatbed|pick-up|pickup|transportation|truck
🚚	delivery truck	Travel & Places		car|delivery|drive|truck|vehicle
🚛	articulated lorry	Travel & Places		articulated|car|drive|lorry|move|semi|truck|vehicle
🚜	tractor	Travel & Places		tractor|vehicle
🏎️	racing car	Travel & Places		car|racing|zoom
🏍️	motorcycle	Travel & Places		motorcycle|racing
🛵	motor scooter	Travel & Places		motor|scooter
🦽	manual wheelchair	Travel & Places		accessibility|manual|wheelchair
🦼	motorized wheelchair	Travel & Places		accessibility|motorized|wheelchair
🛺	auto rickshaw	Travel & Places		auto|rickshaw|tuk
🚲	bicycle	Travel & Places		bicycle|bike|class|cycle|cycling|cyclist|gang|ride|spin|spinning
🛴	kick scooter	Travel & Places		kick|scooter
🛹	skateboard	Travel & Places		board|skate|skateboard|skater|wheels
🛼	roller skate	Travel & Places		blades|roller|skate|skates|sport
🚏	bus stop	Travel & Places		bus|busstop|stop
🛣️	motorway	Travel & Places		highway|motorway|road
🛤️	railway track	Travel & Places		railway|track|train
🛢️	oil drum	Travel & Places		drum|oil
⛽	fuel pump	Travel & Places		diesel|fuel|fuelpump|gas|gasoline|pump|station
🛞	wheel	Travel & Places		car|circle|tire|turn|vehicle|wheel
🚨	police car light	Travel & Places		alarm|alert|beacon|car|emergency|light|police|revolving|siren
🚥	horizontal traffic light	Travel & Places		horizontal|intersection|light|signal|stop|stoplight|traffic
🚦	vertical traffic light	Travel & Places		drove|intersection|light|signal|stop|stoplight|traffic|vertical
🛑	stop sign	Travel & Places		octagonal|sign|stop
🚧	construction	Travel & Places		barrier|construction
🛙	lighthouse	Travel & Places		beacon|enlightenment|guidance|hope|light|maritime|navigation|sea|signal
⚓	anchor	Travel & Places		anchor|ship|tool
🛟	ring buoy	Travel & Places		buoy|float|life|lifesaver|preserver|rescue|ring|safety|save|saver|swim
⛵	sailboat	Travel & Places		boat|resort|sailboat|sailing|sea|yacht
🛶	canoe	Travel & Places		boat|canoe
🚤	speedboat	Travel & Places		billionaire|boat|lake|luxury|millionaire|speedboat|summer|travel
🛳️	passenger ship	Travel & Places		passenger|ship
⛴️	ferry	Travel & Places		boat|ferry|passenger
🛥️	motor boat	Travel & Places		boat|motor|motorboat
🚢	ship	Travel & Places		boat|passenger|ship|travel
✈️	airplane	Travel & Places		aeroplane|airplane|fly|flying|jet|plane|travel
🛩️	small airplane	Travel & Places		aeroplane|airplane|plane|small
🛫	airplane departure	Travel & Places		aeroplane|airplane|check-in|departure|departures|plane
🛬	airplane arrival	Travel & Places		aeroplane|airplane|arrival|arrivals|arriving|landing|plane
🪂	parachute	Travel & Places		hang-glide|parachute|parasail|skydive
💺	seat	Travel & Places		chair|seat
🚁	helicopter	Travel & Places		copter|helicopter|roflcopter|travel|vehicle
🚟	suspension railway	Travel & Places		railway|suspension
🚠	mountain cableway	Travel & Places		cable|cableway|gondola|lift|mountain|ski
🚡	aerial tramway	Travel & Places		aerial|cable|car|gondola|ropeway|tramway
🛰️	satellite	Travel & Places		satellite|space
🚀	rocket	Travel & Places		launch|rocket|rockets|space|travel
🛸	flying saucer	Travel & Places		aliens|extra|flying|saucer|terrestrial|ufo
🛎️	bellhop bell	Travel & Places		bell|bellhop|hotel
🧳	luggage	Travel & Places		bag|luggage|packing|roller|suitcase|travel
⌛	hourglass done	Travel & Places		done|hourglass|sand|time|timer
⏳	hourglass not done	Travel & Places		done|flowing|hourglass|hours|not|sand|timer|waiting|yolo
⌚	watch	Travel & Places		clock|time|watch
⏰	alarm clock	Travel & Places		alarm|clock|hours|hrs|late|time|waiting
⏱️	stopwatch	Travel & Places		clock|stopwatch|time
⏲️	timer clock	Travel & Places		clock|timer
🕰️	mantelpiece clock	Travel & Places		clock|mantelpiece|time
🕛	twelve o’clock	Travel & Places		12|12:00|clock|o’clock|time|twelve
🕧	twelve-thirty	Travel & Places		12|12:30|30|clock|thirty|time|twelve|twelve-thirty
🕐	one o’clock	Travel & Places		1|1:00|clock|o’clock|one|time
🕜	one-thirty	Travel & Places		1|1:30|30|clock|one|one-thirty|thirty|time
🕑	two o’clock	Travel & Places		2|2:00|clock|o’clock|time|two
🕝	two-thirty	Travel & Places		2|2:30|30|clock|thirty|time|two|two-thirty
🕒	three o’clock	Travel & Places		3|3:00|clock|o’clock|three|time
🕞	three-thirty	Travel & Places		3|3:30|30|clock|thirty|three|three-thirty|time
🕓	four o’clock	Travel & Places		4|4:00|clock|four|o’clock|time
🕟	four-thirty	Travel & Places		30|4|4:30|clock|four|four-thirty|thirty|time
🕔	five o’clock	Travel & Places		5|5:00|clock|five|o’clock|time
🕠	five-thirty	Travel & Places		30|5|5:30|clock|five|five-thirty|thirty|time
🕕	six o’clock	Travel & Places		6|6:00|clock|o’clock|six|time
🕡	six-thirty	Travel & Places		30|6|6:30|clock|six|six-thirty|thirty
🕖	seven o’clock	Travel & Places		0|7|7:00|clock|o’clock|seven
🕢	seven-thirty	Travel & Places		30|7|7:30|clock|seven|seven-thirty|thirty
🕗	eight o’clock	Travel & Places		8|8:00|clock|eight|o’clock|time
🕣	eight-thirty	Travel & Places		30|8|8:30|clock|eight|eight-thirty|thirty|time
🕘	nine o’clock	Travel & Places		9|9:00|clock|nine|o’clock|time
🕤	nine-thirty	Travel & Places		30|9|9:30|clock|nine|nine-thirty|thirty|time
🕙	ten o’clock	Travel & Places		0|10|10:00|clock|o’clock|ten
🕥	ten-thirty	Travel & Places		10|10:30|30|clock|ten|ten-thirty|thirty|time
🕚	eleven o’clock	Travel & Places		11|11:00|clock|eleven|o’clock|time
🕦	eleven-thirty	Travel & Places		11|11:30|30|clock|eleven|eleven-thirty|thirty|time
🌑	new moon	Travel & Places		dark|moon|new|space
🌒	waxing crescent moon	Travel & Places		crescent|dreams|moon|space|waxing
🌓	first quarter moon	Travel & Places		first|moon|quarter|space
🌔	waxing gibbous moon	Travel & Places		gibbous|moon|space|waxing
🌕	full moon	Travel & Places		full|moon|space
🌖	waning gibbous moon	Travel & Places		gibbous|moon|space|waning
🌗	last quarter moon	Travel & Places		last|moon|quarter|space
🌘	waning crescent moon	Travel & Places		crescent|moon|space|waning
🌙	crescent moon	Travel & Places		crescent|moon|ramadan|space
🌚	new moon face	Travel & Places		face|moon|new|space
🌛	first quarter moon face	Travel & Places		face|first|moon|quarter|space
🌜	last quarter moon face	Travel & Places		dreams|face|last|moon|quarter
🌡️	thermometer	Travel & Places		thermometer|weather
☀️	sun	Travel & Places		bright|rays|space|sun|sunny|weather
🌝	full moon face	Travel & Places		bright|face|full|moon
🌞	sun with face	Travel & Places		beach|bright|day|face|heat|shine|sun|sunny|sunshine|weather
🪐	ringed planet	Travel & Places		planet|ringed|saturn|saturnine
⭐	star	Travel & Places		astronomy|medium|star|stars|white
🌟	glowing star	Travel & Places		glittery|glow|glowing|night|shining|sparkle|star|win
🌠	shooting star	Travel & Places		falling|night|shooting|space|star
🌌	milky way	Travel & Places		milky|space|way
☁️	cloud	Travel & Places		cloud|weather
⛅	sun behind cloud	Travel & Places		behind|cloud|cloudy|sun|weather
⛈️	cloud with lightning and rain	Travel & Places		cloud|lightning|rain|thunder|thunderstorm
🌤️	sun behind small cloud	Travel & Places		behind|cloud|sun|weather
🌥️	sun behind large cloud	Travel & Places		behind|cloud|sun|weather
🌦️	sun behind rain cloud	Travel & Places		behind|cloud|rain|sun|weather
🌧️	cloud with rain	Travel & Places		cloud|rain|weather
🌨️	cloud with snow	Travel & Places		cloud|cold|snow|weather
🌩️	cloud with lightning	Travel & Places		cloud|lightning|weather
🌪️	tornado	Travel & Places		cloud|tornado|weather|whirlwind
🌫️	fog	Travel & Places		cloud|fog|weather
🌬️	wind face	Travel & Places		blow|cloud|face|wind
🌀	cyclone	Travel & Places		cyclone|dizzy|hurricane|twister|typhoon|weather
🌈	rainbow	Travel & Places		gay|genderqueer|glbt|glbtq|lesbian|lgbt|lgbtq|lgbtqia|nature|pride|queer|rain|rainbow|trans|transgender|weather
🌂	closed umbrella	Travel & Places		closed|clothing|rain|umbrella
☂️	umbrella	Travel & Places		clothing|rain|umbrella
☔	umbrella with rain drops	Travel & Places		clothing|drop|drops|rain|umbrella|weather
⛱️	umbrella on ground	Travel & Places		ground|rain|sun|umbrella
⚡	high voltage	Travel & Places		danger|electric|electricity|high|lightning|nature|thunder|thunderbolt|voltage|zap
❄️	snowflake	Travel & Places		cold|snow|snowflake|weather
☃️	snowman	Travel & Places		cold|man|snow|snowman
⛄	snowman without snow	Travel & Places		cold|man|snow|snowman
☄️	comet	Travel & Places		comet|space
🪋	meteor	Travel & Places		apocalypse|falling|fireball|gravity|rock|space|star
🔥	fire	Travel & Places		af|burn|fire|flame|hot|lit|litaf|tool
💧	droplet	Travel & Places		cold|comic|drop|droplet|nature|sad|sweat|tear|water|weather
🌊	water wave	Travel & Places		nature|ocean|surf|surfer|surfing|water|wave
🎃	jack-o-lantern	Activities		celebration|halloween|jack|jack-o-lantern|lantern|pumpkin
🎄	Christmas tree	Activities		celebration|christmas|tree
🎆	fireworks	Activities		boom|celebration|entertainment|fireworks|yolo
🎇	sparkler	Activities		boom|celebration|fireworks|sparkle|sparkler
🧨	firecracker	Activities		dynamite|explosive|fire|firecracker|fireworks|light|pop|popping|spark
✨	sparkles	Activities		*|magic|sparkle|sparkles|star
🎈	balloon	Activities		balloon|birthday|celebrate|celebration
🎉	party popper	Activities		awesome|birthday|celebrate|celebration|excited|hooray|party|popper|tada|woohoo
🎊	confetti ball	Activities		ball|celebrate|celebration|confetti|party|woohoo
🎋	tanabata tree	Activities		banner|celebration|japanese|tanabata|tree
🎍	pine decoration	Activities		bamboo|celebration|decoration|japanese|pine|plant
🎎	Japanese dolls	Activities		celebration|doll|dolls|festival|japanese
🎏	carp streamer	Activities		carp|celebration|streamer
🎐	wind chime	Activities		bell|celebration|chime|wind
🎑	moon viewing ceremony	Activities		celebration|ceremony|moon|viewing
🧧	red envelope	Activities		envelope|gift|good|hóngbāo|lai|luck|money|red|see
🎀	ribbon	Activities		celebration|ribbon
🎁	wrapped gift	Activities		birthday|bow|box|celebration|christmas|gift|present|surprise|wrapped
🎗️	reminder ribbon	Activities		celebration|reminder|ribbon
🎟️	admission tickets	Activities		admission|ticket|tickets
🎫	ticket	Activities		admission|stub|ticket
🎖️	military medal	Activities		award|celebration|medal|military
🏆	trophy	Activities		champion|champs|prize|slay|sport|trophy|victory|win|winning
🏅	sports medal	Activities		award|gold|medal|sports|winner
🥇	1st place medal	Activities		1st|first|gold|medal|place
🥈	2nd place medal	Activities		2nd|medal|place|second|silver
🥉	3rd place medal	Activities		3rd|bronze|medal|place|third
⚽	soccer ball	Activities		ball|football|futbol|soccer|sport
⚾	baseball	Activities		ball|baseball|sport
🥎	softball	Activities		ball|glove|softball|sports|underarm
🏀	basketball	Activities		ball|basketball|hoop|sport
🏐	volleyball	Activities		ball|game|volleyball
🏈	american football	Activities		american|ball|bowl|football|sport|super
🏉	rugby football	Activities		ball|football|rugby|sport
🎾	tennis	Activities		ball|racquet|sport|tennis
🥏	flying disc	Activities		disc|flying|ultimate
🎳	bowling	Activities		ball|bowling|game|sport|strike
🏏	cricket game	Activities		ball|bat|cricket|game
🏑	field hockey	Activities		ball|field|game|hockey|stick
🏒	ice hockey	Activities		game|hockey|ice|puck|stick
🥍	lacrosse	Activities		ball|goal|lacrosse|sports|stick
🏓	ping pong	Activities		ball|bat|game|paddle|ping|pingpong|pong|table|tennis
🏸	badminton	Activities		badminton|birdie|game|racquet|shuttlecock
🥊	boxing glove	Activities		boxing|glove
🥋	martial arts uniform	Activities		arts|judo|karate|martial|taekwondo|uniform
🥅	goal net	Activities		goal|net
⛳	flag in hole	Activities		flag|golf|hole|sport
⛸️	ice skate	Activities		ice|skate|skating
🎣	fishing pole	Activities		entertainment|fish|fishing|pole|sport
🤿	diving mask	Activities		diving|mask|scuba|snorkeling
🎽	running shirt	Activities		athletics|running|sash|shirt
🎿	skis	Activities		ski|skis|snow|sport
🛷	sled	Activities		luge|sled|sledge|sleigh|snow|toboggan
🥌	curling stone	Activities		curling|game|rock|stone
🎯	bullseye	Activities		bull|bullseye|dart|direct|entertainment|game|hit|target
🪀	yo-yo	Activities		fluctuate|toy|yo-yo
🪁	kite	Activities		fly|kite|soar
🔫	water pistol	Activities		gun|handgun|pistol|revolver|tool|water|weapon
🎱	pool 8 ball	Activities		8|8ball|ball|billiard|eight|game|pool
🔮	crystal ball	Activities		ball|crystal|fairy|fairytale|fantasy|fortune|future|magic|tale|tool
🪄	magic wand	Activities		magic|magician|wand|witch|wizard
🎮	video game	Activities		controller|entertainment|game|video
🕹️	joystick	Activities		game|joystick|video|videogame
🎰	slot machine	Activities		casino|gamble|gambling|game|machine|slot|slots
🎲	game die	Activities		dice|die|entertainment|game
🧩	puzzle piece	Activities		clue|interlocking|jigsaw|piece|puzzle
🧸	teddy bear	Activities		bear|plaything|plush|stuffed|teddy|toy
🪅	piñata	Activities		candy|celebrate|celebration|cinco|de|festive|mayo|party|pinada|pinata|piñata
🪩	mirror ball	Activities		ball|dance|disco|glitter|mirror|party
🪆	nesting dolls	Activities		babooshka|baboushka|babushka|doll|dolls|matryoshka|nesting|russia
♠️	spade suit	Activities		card|game|spade|suit
♥️	heart suit	Activities		card|emotion|game|heart|hearts|suit
♦️	diamond suit	Activities		card|diamond|game|suit
♣️	club suit	Activities		card|club|clubs|game|suit
♟️	chess pawn	Activities		chess|dupe|expendable|pawn
🃏	joker	Activities		card|game|joker|wildcard
🀄	mahjong red dragon	Activities		dragon|game|mahjong|red
🎴	flower playing cards	Activities		card|cards|flower|game|japanese|playing
🎭	performing arts	Activities		actor|actress|art|arts|entertainment|mask|performing|theater|theatre|thespian
🖼️	framed picture	Activities		art|frame|framed|museum|painting|picture
🎨	artist palette	Activities		art|artist|artsy|arty|colorful|creative|entertainment|museum|painter|painting|palette
🧵	thread	Activities		needle|sewing|spool|string|thread
🪡	sewing needle	Activities		embroidery|needle|sew|sewing|stitches|sutures|tailoring|thread
🧶	yarn	Activities		ball|crochet|knit|yarn
🪢	knot	Activities		cord|knot|rope|tangled|tie|twine|twist
👓	glasses	Objects		clothing|eye|eyeglasses|eyewear|glasses
🕶️	sunglasses	Objects		dark|eye|eyewear|glasses|sunglasses
🥽	goggles	Objects		dive|eye|goggles|protection|scuba|swimming|welding
🥼	lab coat	Objects		clothes|coat|doctor|dr|experiment|jacket|lab|scientist|white
🦺	safety vest	Objects		emergency|safety|vest
👔	necktie	Objects		clothing|employed|necktie|serious|shirt|tie
👕	t-shirt	Objects		blue|casual|clothes|clothing|collar|dressed|shirt|shopping|t-shirt|tshirt|weekend
👖	jeans	Objects		blue|casual|clothes|clothing|denim|dressed|jeans|pants|shopping|trousers|weekend
🧣	scarf	Objects		bundle|cold|neck|scarf|up
🧤	gloves	Objects		gloves|hand
🧥	coat	Objects		brr|bundle|coat|cold|jacket|up
🧦	socks	Objects		socks|stocking
👗	dress	Objects		clothes|clothing|dress|dressed|fancy|shopping
👘	kimono	Objects		clothing|comfortable|kimono
🥻	sari	Objects		clothing|dress|sari
🩱	one-piece swimsuit	Objects		bathing|one-piece|suit|swimsuit
🩲	briefs	Objects		bathing|briefs|one-piece|suit|swimsuit|underwear
🩳	shorts	Objects		bathing|pants|shorts|suit|swimsuit|underwear
👙	bikini	Objects		bathing|beach|bikini|clothing|pool|suit|swim
👚	woman’s clothes	Objects		blouse|clothes|clothing|collar|dress|dressed|lady|shirt|shopping|woman|woman’s
🪭	folding hand fan	Objects		clack|clap|cool|cooling|dance|fan|flirt|flutter|folding|hand|hot|shy
👛	purse	Objects		clothes|clothing|coin|dress|fancy|handbag|purse|shopping
👜	handbag	Objects		bag|clothes|clothing|dress|handbag|lady|purse|shopping
👝	clutch bag	Objects		bag|clothes|clothing|clutch|dress|handbag|pouch|purse
🛍️	shopping bags	Objects		bag|bags|hotel|shopping
🎒	backpack	Objects		backpack|backpacking|bag|bookbag|education|rucksack|satchel|school
🩴	thong sandal	Objects		beach|flip|flop|sandal|sandals|shoe|thong|thongs|zōri
👞	man’s shoe	Objects		brown|clothes|clothing|feet|foot|kick|man|man’s|shoe|shoes|shopping
👟	running shoe	Objects		athletic|clothes|clothing|fast|kick|running|shoe|shoes|shopping|sneaker|tennis
🥾	hiking boot	Objects		backpacking|boot|brown|camping|hiking|outdoors|shoe
🥿	flat shoe	Objects		ballet|comfy|flat|flats|shoe|slip-on|slipper
👠	high-heeled shoe	Objects		clothes|clothing|dress|fashion|heel|heels|high-heeled|shoe|shoes|shopping|stiletto|woman
👡	woman’s sandal	Objects		clothing|sandal|shoe|woman|woman’s
🩰	ballet shoes	Objects		ballet|dance|shoes
👢	woman’s boot	Objects		boot|clothes|clothing|dress|shoe|shoes|shopping|woman|woman’s
🪮	hair pick	Objects		afro|comb|groom|hair|pick
👑	crown	Objects		clothing|crown|family|king|medieval|queen|royal|royalty|win
👒	woman’s hat	Objects		clothes|clothing|garden|hat|hats|party|woman|woman’s
🎩	top hat	Objects		clothes|clothing|fancy|formal|hat|magic|top|tophat
🎓	graduation cap	Objects		cap|celebration|clothing|education|graduation|hat|scholar
🧢	billed cap	Objects		baseball|bent|billed|cap|dad|hat
🪖	military helmet	Objects		army|helmet|military|soldier|war|warrior
⛑️	rescue worker’s helmet	Objects		aid|cross|face|hat|helmet|rescue|worker’s
📿	prayer beads	Objects		beads|clothing|necklace|prayer|religion
💄	lipstick	Objects		cosmetics|date|lipstick|makeup
💍	ring	Objects		diamond|engaged|engagement|married|ring|romance|shiny|sparkling|wedding
💎	gem stone	Objects		diamond|engagement|gem|jewel|money|romance|stone|wedding
🔇	muted speaker	Objects		mute|muted|quiet|silent|sound|speaker
🔈	speaker low volume	Objects		low|soft|sound|speaker|volume
🔉	speaker medium volume	Objects		medium|sound|speaker|volume
🔊	speaker high volume	Objects		high|loud|music|sound|speaker|volume
📢	loudspeaker	Objects		address|communication|loud|loudspeaker|public|sound
📣	megaphone	Objects		cheering|megaphone|sound
📯	postal horn	Objects		horn|post|postal
🔔	bell	Objects		bell|break|church|sound
🔕	bell with slash	Objects		bell|forbidden|mute|no|not|prohibited|quiet|silent|slash|sound
🎼	musical score	Objects		music|musical|note|score
🎵	musical note	Objects		music|musical|note|sound
🎶	musical notes	Objects		music|musical|note|notes|sound
🎙️	studio microphone	Objects		mic|microphone|music|studio
🎚️	level slider	Objects		level|music|slider
🎛️	control knobs	Objects		control|knobs|music
🎤	microphone	Objects		karaoke|mic|microphone|music|sing|sound
🎧	headphone	Objects		earbud|headphone|sound
📻	radio	Objects		entertainment|radio|tbt|video
🎷	saxophone	Objects		instrument|music|sax|saxophone
🎺	trumpet	Objects		instrument|music|trumpet
🪊	trombone	Objects		brass|instrument|jazz|music|sad|slide
🪗	accordion	Objects		accordion|box|concertina|instrument|music|squeeze|squeezebox
🎸	guitar	Objects		guitar|instrument|music|strat
🎹	musical keyboard	Objects		instrument|keyboard|music|musical|piano
🎻	violin	Objects		instrument|music|violin
🪕	banjo	Objects		banjo|music|stringed
🥁	drum	Objects		drum|drumsticks|music
🪘	long drum	Objects		beat|conga|drum|instrument|long|rhythm
🪇	maracas	Objects		cha|dance|instrument|maracas|music|party|percussion|rattle|shake|shaker
🪈	flute	Objects		band|fife|flautist|flute|instrument|marching|music|orchestra|piccolo|pipe|recorder|woodwind
🪉	harp	Objects		cupid|harp|instrument|love|music|orchestra
📱	mobile phone	Objects		cell|communication|mobile|phone|telephone
📲	mobile phone with arrow	Objects		arrow|build|call|cell|communication|mobile|phone|receive|telephone
☎️	telephone	Objects		phone|telephone
📞	telephone receiver	Objects		communication|phone|receiver|telephone|voip
📟	pager	Objects		communication|pager
📠	fax machine	Objects		communication|fax|machine
🔋	battery	Objects		battery
🪫	low battery	Objects		battery|drained|electronic|energy|low|power
🔌	electric plug	Objects		electric|electricity|plug
💻	laptop	Objects		computer|laptop|office|pc|personal
🖥️	desktop computer	Objects		computer|desktop|monitor
🖨️	printer	Objects		computer|printer
⌨️	keyboard	Objects		computer|keyboard
🖱️	computer mouse	Objects		computer|mouse
🖲️	trackball	Objects		computer|trackball
💽	computer disk	Objects		computer|disk|minidisk|optical
💾	floppy disk	Objects		computer|disk|floppy
💿	optical disk	Objects		blu-ray|cd|computer|disk|dvd|optical
📀	dvd	Objects		blu-ray|cd|computer|disk|dvd|optical
🧮	abacus	Objects		abacus|calculation|calculator
🎥	movie camera	Objects		bollywood|camera|cinema|film|hollywood|movie|record
🎞️	film frames	Objects		cinema|film|frames|movie
📽️	film projector	Objects		cinema|film|movie|projector|video
🎬	clapper board	Objects		action|board|clapper|movie
📺	television	Objects		television|tv|video
📷	camera	Objects		camera|photo|selfie|snap|tbt|trip|video
📸	camera with flash	Objects		camera|flash|video
📹	video camera	Objects		camcorder|camera|tbt|video
📼	videocassette	Objects		old|school|tape|vcr|vhs|video|videocassette
🔍	magnifying glass tilted left	Objects		glass|lab|left|left-pointing|magnifying|science|search|tilted|tool
🔎	magnifying glass tilted right	Objects		contact|glass|lab|magnifying|right|right-pointing|science|search|tilted|tool
🕯️	candle	Objects		candle|light
💡	light bulb	Objects		bulb|comic|electric|idea|light
🔦	flashlight	Objects		electric|flashlight|light|tool|torch
🏮	red paper lantern	Objects		bar|lantern|light|paper|red|restaurant
🪔	diya lamp	Objects		diya|lamp|light|oil
📔	notebook with decorative cover	Objects		book|cover|decorated|decorative|education|notebook|school|writing
📕	closed book	Objects		book|closed|education
📖	open book	Objects		book|education|fantasy|knowledge|library|novels|open|reading
📗	green book	Objects		book|education|fantasy|green|library|reading
📘	blue book	Objects		blue|book|education|fantasy|library|reading
📙	orange book	Objects		book|education|fantasy|library|orange|reading
📚	books	Objects		book|books|education|fantasy|knowledge|library|novels|reading|school|study
📓	notebook	Objects		notebook
📒	ledger	Objects		ledger|notebook
📃	page with curl	Objects		curl|document|page|paper
📜	scroll	Objects		paper|scroll
📄	page facing up	Objects		document|facing|page|paper|up
📰	newspaper	Objects		communication|news|newspaper|paper
🗞️	rolled-up newspaper	Objects		news|newspaper|paper|rolled|rolled-up
📑	bookmark tabs	Objects		bookmark|mark|marker|tabs
🔖	bookmark	Objects		bookmark|mark
🏷️	label	Objects		label|tag
🪙	coin	Objects		coin|dollar|euro|gold|metal|money|rich|silver|treasure
💰	money bag	Objects		bag|bank|bet|billion|cash|cost|dollar|gold|million|money|moneybag|paid|paying|pot|rich|win
🪎	treasure chest	Objects		gem|gold|jewels|loot|money|prize|silver|valuables|wealth
💴	yen banknote	Objects		bank|banknote|bill|currency|money|note|yen
💵	dollar banknote	Objects		bank|banknote|bill|currency|dollar|money|note
💶	euro banknote	Objects		100|bank|banknote|bill|currency|euro|money|note|rich
💷	pound banknote	Objects		bank|banknote|bill|billion|cash|currency|money|note|pound|pounds
💸	money with wings	Objects		bank|banknote|bill|billion|cash|dollar|fly|million|money|note|pay|wings
💳	credit card	Objects		bank|card|cash|charge|credit|money|pay
🧾	receipt	Objects		accounting|bookkeeping|evidence|invoice|proof|receipt
💹	chart increasing with yen	Objects		bank|chart|currency|graph|growth|increasing|market|money|rise|trend|upward|yen
✉️	envelope	Objects		e-mail|email|envelope|letter
📧	e-mail	Objects		e-mail|email|letter|mail
📨	incoming envelope	Objects		delivering|e-mail|email|envelope|incoming|letter|mail|receive|sent
📩	envelope with arrow	Objects		arrow|communication|down|e-mail|email|envelope|letter|mail|outgoing|send|sent
📤	outbox tray	Objects		box|email|letter|mail|outbox|sent|tray
📥	inbox tray	Objects		box|email|inbox|letter|mail|receive|tray|zero
📦	package	Objects		box|communication|delivery|package|parcel|shipping
📫	closed mailbox with raised flag	Objects		closed|communication|flag|mail|mailbox|postbox|raised
📪	closed mailbox with lowered flag	Objects		closed|flag|lowered|mail|mailbox|postbox
📬	open mailbox with raised flag	Objects		flag|mail|mailbox|open|postbox|raised
📭	open mailbox with lowered flag	Objects		flag|lowered|mail|mailbox|open|postbox
📮	postbox	Objects		mail|mailbox|postbox
🗳️	ballot box with ballot	Objects		ballot|box
✏️	pencil	Objects		pencil
✒️	black nib	Objects		black|nib|pen
🖋️	fountain pen	Objects		fountain|pen
🖊️	pen	Objects		ballpoint|pen
🖌️	paintbrush	Objects		paintbrush|painting
🖍️	crayon	Objects		crayon
📝	memo	Objects		communication|media|memo|notes|pencil
🪌	eraser	Objects		correction|delete|drawing|erase|error|mistake|remove|rub|undo|writing
💼	briefcase	Objects		briefcase|office
📁	file folder	Objects		file|folder
📂	open file folder	Objects		file|folder|open
🗂️	card index dividers	Objects		card|dividers|index
📅	calendar	Objects		calendar|date
📆	tear-off calendar	Objects		calendar|tear-off
🗒️	spiral notepad	Objects		note|notepad|pad|spiral
🗓️	spiral calendar	Objects		calendar|pad|spiral
📇	card index	Objects		card|index|old|rolodex|school
📈	chart increasing	Objects		chart|data|graph|growth|increasing|right|trend|up|upward
📉	chart decreasing	Objects		chart|data|decreasing|down|downward|graph|negative|trend
📊	bar chart	Objects		bar|chart|data|graph
📋	clipboard	Objects		clipboard|do|list|notes
📌	pushpin	Objects		collage|pin|pushpin
📍	round pushpin	Objects		location|map|pin|pushpin|round
📎	paperclip	Objects		paperclip
🖇️	linked paperclips	Objects		link|linked|paperclip|paperclips
📏	straight ruler	Objects		angle|edge|math|ruler|straight|straightedge
📐	triangular ruler	Objects		angle|math|rule|ruler|set|slide|triangle|triangular
✂️	scissors	Objects		cut|cutting|paper|scissors|tool
🗃️	card file box	Objects		box|card|file
🗄️	file cabinet	Objects		cabinet|file|filing|paper
🗑️	wastebasket	Objects		can|garbage|trash|waste|wastebasket
🔒	locked	Objects		closed|lock|locked|private
🔓	unlocked	Objects		cracked|lock|open|unlock|unlocked
🔏	locked with pen	Objects		ink|lock|locked|nib|pen|privacy
🔐	locked with key	Objects		bike|closed|key|lock|locked|secure
🔑	key	Objects		key|keys|lock|major|password|unlock
🗝️	old key	Objects		clue|key|lock|old
🪍	net with handle	Objects		catch|collect|mesh|trap
🔨	hammer	Objects		hammer|home|improvement|repairs|tool
🪓	axe	Objects		ax|axe|chop|hatchet|split|wood
⛏️	pick	Objects		hammer|mining|pick|tool
⚒️	hammer and pick	Objects		hammer|pick|tool
🛠️	hammer and wrench	Objects		hammer|spanner|tool|wrench
🗡️	dagger	Objects		dagger|knife|weapon
⚔️	crossed swords	Objects		crossed|swords|weapon
💣	bomb	Objects		bomb|boom|comic|dangerous|explosion|hot
🪃	boomerang	Objects		boomerang|rebound|repercussion|weapon
🏹	bow and arrow	Objects		archer|archery|arrow|bow|sagittarius|tool|weapon|zodiac
🛡️	shield	Objects		shield|weapon
🪚	carpentry saw	Objects		carpenter|carpentry|cut|lumber|saw|tool|trim
🔧	wrench	Objects		home|improvement|spanner|tool|wrench
🪛	screwdriver	Objects		flathead|handy|screw|screwdriver|tool
🔩	nut and bolt	Objects		bolt|home|improvement|nut|tool
⚙️	gear	Objects		cog|cogwheel|gear|tool
🗜️	clamp	Objects		clamp|compress|tool|vice
⚖️	balance scale	Objects		balance|justice|libra|scale|scales|tool|weight|zodiac
🦯	white cane	Objects		accessibility|blind|cane|probing|white
🔗	link	Objects		link|links
⛓️‍💥	broken chain	Objects		break|breaking|broken|chain|cuffs|freedom
⛓️	chains	Objects		chain|chains
🪝	hook	Objects		catch|crook|curve|ensnare|hook|point|selling
🧰	toolbox	Objects		box|chest|mechanic|red|tool|toolbox
🧲	magnet	Objects		attraction|horseshoe|magnet|magnetic|negative|positive|shape|u
🪜	ladder	Objects		climb|ladder|rung|step
🪏	shovel	Objects		bury|dig|garden|hole|plant|scoop|shovel|snow|spade
⚗️	alembic	Objects		alembic|chemistry|tool
🧪	test tube	Objects		chemist|chemistry|experiment|lab|science|test|tube
🧫	petri dish	Objects		bacteria|biologist|biology|culture|dish|lab|petri
🧬	dna	Objects		biologist|dna|evolution|gene|genetics|life
🔬	microscope	Objects		experiment|lab|microscope|science|tool
🔭	telescope	Objects		contact|extraterrestrial|science|telescope|tool
📡	satellite antenna	Objects		aliens|antenna|contact|dish|satellite|science
💉	syringe	Objects		doctor|flu|medicine|needle|shot|sick|syringe|tool|vaccination
🩸	drop of blood	Objects		bleed|blood|donation|drop|injury|medicine|menstruation
💊	pill	Objects		doctor|drugs|medicated|medicine|pill|pills|sick|vitamin
🩹	adhesive bandage	Objects		adhesive|bandage
🩼	crutch	Objects		aid|cane|crutch|disability|help|hurt|injured|mobility|stick
🩺	stethoscope	Objects		doctor|heart|medicine|stethoscope
🩻	x-ray	Objects		bones|doctor|medical|skeleton|skull|x-ray|xray
🚪	door	Objects		back|closet|door|front
🛗	elevator	Objects		accessibility|elevator|hoist|lift
🪞	mirror	Objects		makeup|mirror|reflection|reflector|speculum
🪟	window	Objects		air|frame|fresh|opening|transparent|view|window
🛏️	bed	Objects		bed|hotel|sleep
🛋️	couch and lamp	Objects		couch|hotel|lamp
🪑	chair	Objects		chair|seat|sit
🚽	toilet	Objects		bathroom|toilet
🪠	plunger	Objects		cup|force|plumber|plunger|poop|suction|toilet
🚿	shower	Objects		shower|water
🛁	bathtub	Objects		bath|bathtub
🪤	mouse trap	Objects		bait|cheese|lure|mouse|mousetrap|snare|trap
🪒	razor	Objects		razor|sharp|shave
🧴	lotion bottle	Objects		bottle|lotion|moisturizer|shampoo|sunscreen
🧷	safety pin	Objects		diaper|pin|punk|rock|safety
🧹	broom	Objects		broom|cleaning|sweeping|witch
🧺	basket	Objects		basket|farming|laundry|picnic
🧻	roll of paper	Objects		paper|roll|toilet|towels
🪣	bucket	Objects		bucket|cask|pail|vat
🧼	soap	Objects		bar|bathing|clean|cleaning|lather|soap|soapdish
🫧	bubbles	Objects		bubble|bubbles|burp|clean|floating|pearl|soap|underwater
🪥	toothbrush	Objects		bathroom|brush|clean|dental|hygiene|teeth|toiletry|toothbrush
🧽	sponge	Objects		absorbing|cleaning|porous|soak|sponge
🧯	fire extinguisher	Objects		extinguish|extinguisher|fire|quench
🛒	shopping cart	Objects		cart|shopping|trolley
🚬	cigarette	Objects		cigarette|smoking
⚰️	coffin	Objects		coffin|dead|death|vampire
🪦	headstone	Objects		cemetery|dead|grave|graveyard|headstone|memorial|rip|tomb|tombstone
⚱️	funeral urn	Objects		ashes|death|funeral|urn
🧿	nazar amulet	Objects		amulet|bead|blue|charm|evil-eye|nazar|talisman
🪬	hamsa	Objects		amulet|fatima|fortune|guide|hamsa|hand|mary|miriam|palm|protect|protection
🗿	moai	Objects		face|moai|moyai|statue|stoneface|travel
🪧	placard	Objects		card|demonstration|notice|picket|placard|plaque|protest|sign
🪪	identification card	Objects		card|credentials|document|id|identification|license|security
🏧	ATM sign	Symbols		atm|automated|bank|cash|money|sign|teller
🚮	litter in bin sign	Symbols		bin|litter|litterbin|sign
🚰	potable water	Symbols		drinking|potable|water
♿	wheelchair symbol	Symbols		access|handicap|symbol|wheelchair
🚹	men’s room	Symbols		bathroom|lavatory|man|men’s|restroom|room|toilet|wc
🚺	women’s room	Symbols		bathroom|lavatory|restroom|room|toilet|wc|woman|women’s
🚻	restroom	Symbols		bathroom|lavatory|restroom|toilet|wc
🚼	baby symbol	Symbols		baby|changing|symbol
🚾	water closet	Symbols		bathroom|closet|lavatory|restroom|toilet|water|wc
🛂	passport control	Symbols		control|passport
🛃	customs	Symbols		customs|packing
🛄	baggage claim	Symbols		arrived|baggage|bags|case|checked|claim|journey|packing|plane|ready|travel|trip
🛅	left luggage	Symbols		baggage|case|left|locker|luggage
⚠️	warning	Symbols		caution|warning
🚸	children crossing	Symbols		child|children|crossing|pedestrian|traffic
⛔	no entry	Symbols		do|entry|fail|forbidden|no|not|pass|prohibited|traffic
🚫	prohibited	Symbols		entry|forbidden|no|not|prohibited|smoke
🚳	no bicycles	Symbols		bicycle|bicycles|bike|forbidden|no|not|prohibited
🚭	no smoking	Symbols		forbidden|no|not|prohibited|smoke|smoking
🚯	no littering	Symbols		forbidden|litter|littering|no|not|prohibited
🚱	non-potable water	Symbols		dry|non-drinking|non-potable|prohibited|water
🚷	no pedestrians	Symbols		forbidden|no|not|pedestrian|pedestrians|prohibited
📵	no mobile phones	Symbols		cell|forbidden|mobile|no|not|phone|phones|prohibited|telephone
🔞	no one under eighteen	Symbols		18|age|eighteen|forbidden|no|not|one|prohibited|restriction|underage
☢️	radioactive	Symbols		radioactive|sign
☣️	biohazard	Symbols		biohazard|sign
⬆️	up arrow	Symbols		arrow|cardinal|direction|north|up
↗️	up-right arrow	Symbols		arrow|direction|intercardinal|northeast|up-right
➡️	right arrow	Symbols		arrow|cardinal|direction|east|right
↘️	down-right arrow	Symbols		arrow|direction|down-right|intercardinal|southeast
⬇️	down arrow	Symbols		arrow|cardinal|direction|down|south
↙️	down-left arrow	Symbols		arrow|direction|down-left|intercardinal|southwest
⬅️	left arrow	Symbols		arrow|cardinal|direction|left|west
↖️	up-left arrow	Symbols		arrow|direction|intercardinal|northwest|up-left
↕️	up-down arrow	Symbols		arrow|up-down
↔️	left-right arrow	Symbols		arrow|left-right
↩️	right arrow curving left	Symbols		arrow|curving|left|right
↪️	left arrow curving right	Symbols		arrow|curving|left|right
⤴️	right arrow curving up	Symbols		arrow|curving|right|up
⤵️	right arrow curving down	Symbols		arrow|curving|down|right
🔃	clockwise vertical arrows	Symbols		arrow|arrows|clockwise|refresh|reload|vertical
🔄	counterclockwise arrows button	Symbols		again|anticlockwise|arrow|arrows|button|counterclockwise|deja|refresh|rewindershins|vu
🔙	BACK arrow	Symbols		arrow|back
🔚	END arrow	Symbols		arrow|end
🔛	ON! arrow	Symbols		arrow|mark|on!
🔜	SOON arrow	Symbols		arrow|brb|omw|soon
🔝	TOP arrow	Symbols		arrow|homie|top|up
🛐	place of worship	Symbols		place|pray|religion|worship
⚛️	atom symbol	Symbols		atheist|atom|symbol
🕉️	om	Symbols		hindu|om|religion
✡️	star of David	Symbols		david|jew|jewish|judaism|religion|star
☸️	wheel of dharma	Symbols		buddhist|dharma|religion|wheel
☯️	yin yang	Symbols		difficult|lives|religion|tao|taoist|total|yang|yin|yinyang
✝️	latin cross	Symbols		christ|christian|cross|latin|religion
☦️	orthodox cross	Symbols		christian|cross|orthodox|religion
☪️	star and crescent	Symbols		crescent|islam|muslim|ramadan|religion|star
☮️	peace symbol	Symbols		healing|peace|peaceful|symbol
🕎	menorah	Symbols		candelabrum|candlestick|hanukkah|jewish|judaism|menorah|religion
🔯	dotted six-pointed star	Symbols		dotted|fortune|jewish|judaism|six-pointed|star
🪯	khanda	Symbols		deg|fateh|khalsa|khanda|religion|sikh|sikhism|tegh
♈	Aries	Symbols		aries|horoscope|ram|zodiac
♉	Taurus	Symbols		bull|horoscope|ox|taurus|zodiac
♊	Gemini	Symbols		gemini|horoscope|twins|zodiac
♋	Cancer	Symbols		cancer|crab|horoscope|zodiac
♌	Leo	Symbols		horoscope|leo|lion|zodiac
♍	Virgo	Symbols		horoscope|virgo|zodiac
♎	Libra	Symbols		balance|horoscope|justice|libra|scales|zodiac
♏	Scorpio	Symbols		horoscope|scorpio|scorpion|scorpius|zodiac
♐	Sagittarius	Symbols		archer|horoscope|sagittarius|zodiac
♑	Capricorn	Symbols		capricorn|goat|horoscope|zodiac
♒	Aquarius	Symbols		aquarius|bearer|horoscope|water|zodiac
♓	Pisces	Symbols		fish|horoscope|pisces|zodiac
⛎	Ophiuchus	Symbols		bearer|ophiuchus|serpent|snake|zodiac
🔀	shuffle tracks button	Symbols		arrow|button|crossed|shuffle|tracks
🔁	repeat button	Symbols		arrow|button|clockwise|repeat
🔂	repeat single button	Symbols		arrow|button|clockwise|once|repeat|single
▶️	play button	Symbols		arrow|button|play|right|triangle
⏩	fast-forward button	Symbols		arrow|button|double|fast|fast-forward|forward
⏭️	next track button	Symbols		arrow|button|next|scene|track|triangle
⏯️	play or pause button	Symbols		arrow|button|pause|play|right|triangle
◀️	reverse button	Symbols		arrow|button|left|reverse|triangle
⏪	fast reverse button	Symbols		arrow|button|double|fast|reverse|rewind
⏮️	last track button	Symbols		arrow|button|last|previous|scene|track|triangle
🔼	upwards button	Symbols		arrow|button|red|up|upwards
⏫	fast up button	Symbols		arrow|button|double|fast|up
🔽	downwards button	Symbols		arrow|button|down|downwards|red
⏬	fast down button	Symbols		arrow|button|double|down|fast
⏸️	pause button	Symbols		bar|button|double|pause|vertical
⏹️	stop button	Symbols		button|square|stop
⏺️	record button	Symbols		button|circle|record
⏏️	eject button	Symbols		button|eject
🎦	cinema	Symbols		camera|cinema|film|movie
🔅	dim button	Symbols		brightness|button|dim|low
🔆	bright button	Symbols		bright|brightness|button|light
📶	antenna bars	Symbols		antenna|bar|bars|cell|communication|mobile|phone|signal|telephone
🛜	wireless	Symbols		broadband|computer|connectivity|hotspot|internet|network|router|smartphone|wi-fi|wifi|wireless|wlan
📳	vibration mode	Symbols		cell|communication|mobile|mode|phone|telephone|vibration
📴	mobile phone off	Symbols		cell|mobile|off|phone|telephone
♀️	female sign	Symbols		female|sign|woman
♂️	male sign	Symbols		male|man|sign
⚧️	transgender symbol	Symbols		symbol|transgender
✖️	multiply	Symbols		×|cancel|multiplication|multiply|sign|x
➕	plus	Symbols		+|plus
➖	minus	Symbols		-|−|heavy|math|minus|sign
➗	divide	Symbols		÷|divide|division|heavy|math|sign
🟰	heavy equals sign	Symbols		answer|equal|equality|equals|heavy|math|sign
♾️	infinity	Symbols		forever|infinity|unbounded|universal
‼️	double exclamation mark	Symbols		!|!!|bangbang|double|exclamation|mark|punctuation
⁉️	exclamation question mark	Symbols		!|!?|?|exclamation|interrobang|mark|punctuation|question
❓	red question mark	Symbols		?|mark|punctuation|question|red
❔	white question mark	Symbols		?|mark|outlined|punctuation|question|white
❕	white exclamation mark	Symbols		!|bang|exclamation|mark|outlined|punctuation|white
❗	red exclamation mark	Symbols		!|bang|exclamation|mark|punctuation|red
〰️	wavy dash	Symbols		dash|punctuation|wavy
💱	currency exchange	Symbols		bank|currency|exchange|money
💲	heavy dollar sign	Symbols		billion|cash|charge|currency|dollar|heavy|million|money|pay|sign
⚕️	medical symbol	Symbols		aesculapius|medical|medicine|staff|symbol
♻️	recycling symbol	Symbols		recycle|recycling|symbol
⚜️	fleur-de-lis	Symbols		fleur-de-lis|knights
🔱	trident emblem	Symbols		anchor|emblem|poseidon|ship|tool|trident
📛	name badge	Symbols		badge|name
🔰	Japanese symbol for beginner	Symbols		beginner|chevron|green|japanese|leaf|symbol|tool|yellow
⭕	hollow red circle	Symbols		circle|heavy|hollow|large|o|red
✅	check mark button	Symbols		✓|button|check|checked|checkmark|complete|completed|done|fixed|mark|tick
☑️	check box with check	Symbols		✓|ballot|box|check|checked|done|off|tick
✔️	check mark	Symbols		✓|check|checked|checkmark|done|heavy|mark|tick
❌	cross mark	Symbols		×|cancel|cross|mark|multiplication|multiply|x
❎	cross mark button	Symbols		×|button|cross|mark|multiplication|multiply|square|x
➰	curly loop	Symbols		curl|curly|loop
➿	double curly loop	Symbols		curl|curly|double|loop
〽️	part alternation mark	Symbols		alternation|mark|part
✳️	eight-spoked asterisk	Symbols		*|asterisk|eight-spoked
✴️	eight-pointed star	Symbols		*|eight-pointed|star
❇️	sparkle	Symbols		*|sparkle
©️	copyright	Symbols		c|copyright
®️	registered	Symbols		r|registered
™️	trade mark	Symbols		mark|tm|trade|trademark
🫟	splatter	Symbols		drip|holi|ink|liquid|mess|paint|spill|splatter|stain
#️⃣	keycap: #	Symbols		keycap
*️⃣	keycap: *	Symbols		keycap
0️⃣	keycap: 0	Symbols		0|keycap|zero
1️⃣	keycap: 1	Symbols		1|keycap|one
2️⃣	keycap: 2	Symbols		2|keycap|two
3️⃣	keycap: 3	Symbols		3|keycap|three
4️⃣	keycap: 4	Symbols		4|four|keycap
5️⃣	keycap: 5	Symbols		5|five|keycap
6️⃣	keycap: 6	Symbols		6|keycap|six
7️⃣	keycap: 7	Symbols		7|keycap|seven
8️⃣	keycap: 8	Symbols		8|eight|keycap
9️⃣	keycap: 9	Symbols		9|keycap|nine
🔟	keycap: 10	Symbols		keycap
🔠	input latin uppercase	Symbols		abcd|input|latin|letters|uppercase
🔡	input latin lowercase	Symbols		abcd|input|latin|letters|lowercase
🔢	input numbers	Symbols		1234|input|numbers
🔣	input symbols	Symbols		&|%|♪|〒|input|symbols
🔤	input latin letters	Symbols		abc|alphabet|input|latin|letters
🅰️	A button (blood type)	Symbols		blood|button|type
🆎	AB button (blood type)	Symbols		ab|blood|button|type
🅱️	B button (blood type)	Symbols		b|blood|button|type
🆑	CL button	Symbols		button|cl
🆒	COOL button	Symbols		button|cool
🆓	FREE button	Symbols		button|free
ℹ️	information	Symbols		i|information
🆔	ID button	Symbols		button|id|identity
Ⓜ️	circled M	Symbols		circle|circled|m
🆕	NEW button	Symbols		button|new
🆖	NG button	Symbols		button|ng
🅾️	O button (blood type)	Symbols		blood|button|o|type
🆗	OK button	Symbols		button|ok|okay
🅿️	P button	Symbols		button|p|parking
🆘	SOS button	Symbols		button|help|sos
🆙	UP! button	Symbols		button|mark|up|up!
🆚	VS button	Symbols		button|versus|vs
🈁	Japanese “here” button	Symbols		button|here|japanese|katakana
🈂️	Japanese “service charge” button	Symbols		button|charge|japanese|katakana|service
🈷️	Japanese “monthly amount” button	Symbols		amount|button|ideograph|japanese|monthly
🈶	Japanese “not free of charge” button	Symbols		button|charge|free|ideograph|japanese|not
🈯	Japanese “reserved” button	Symbols		button|ideograph|japanese|reserved
🉐	Japanese “bargain” button	Symbols		bargain|button|ideograph|japanese
🈹	Japanese “discount” button	Symbols		button|discount|ideograph|japanese
🈚	Japanese “free of charge” button	Symbols		button|charge|free|ideograph|japanese
🈲	Japanese “prohibited” button	Symbols		button|ideograph|japanese|prohibited
🉑	Japanese “acceptable” button	Symbols		acceptable|button|ideograph|japanese
🈸	Japanese “application” button	Symbols		application|button|ideograph|japanese
🈴	Japanese “passing grade” button	Symbols		button|grade|ideograph|japanese|passing
🈳	Japanese “vacancy” button	Symbols		button|ideograph|japanese|vacancy
㊗️	Japanese “congratulations” button	Symbols		button|congratulations|ideograph|japanese
㊙️	Japanese “secret” button	Symbols		button|ideograph|japanese|secret
🈺	Japanese “open for business” button	Symbols		business|button|ideograph|japanese|open
🈵	Japanese “no vacancy” button	Symbols		button|ideograph|japanese|no|vacancy
🔴	red circle	Symbols		circle|geometric|red
🟠	orange circle	Symbols		circle|orange
🟡	yellow circle	Symbols		circle|yellow
🟢	green circle	Symbols		circle|green
🔵	blue circle	Symbols		blue|circle|geometric
🟣	purple circle	Symbols		circle|purple
🟤	brown circle	Symbols		brown|circle
⚫	black circle	Symbols		black|circle|geometric
⚪	white circle	Symbols		circle|geometric|white
🟥	red square	Symbols		card|penalty|red|square
🟧	orange square	Symbols		orange|square
🟨	yellow square	Symbols		card|penalty|square|yellow
🟩	green square	Symbols		green|square
🟦	blue square	Symbols		blue|square
🟪	purple square	Symbols		purple|square
🟫	brown square	Symbols		brown|square
⬛	black large square	Symbols		black|geometric|large|square
⬜	white large square	Symbols		geometric|large|square|white
◼️	black medium square	Symbols		black|geometric|medium|square
◻️	white medium square	Symbols		geometric|medium|square|white
◾	black medium-small square	Symbols		black|geometric|medium-small|square
◽	white medium-small square	Symbols		geometric|medium-small|square|white
▪️	black small square	Symbols		black|geometric|small|square
▫️	white small square	Symbols		geometric|small|square|white
🔶	large orange diamond	Symbols		diamond|geometric|large|orange
🔷	large blue diamond	Symbols		blue|diamond|geometric|large
🔸	small orange diamond	Symbols		diamond|geometric|orange|small
🔹	small blue diamond	Symbols		blue|diamond|geometric|small
🔺	red triangle pointed up	Symbols		geometric|pointed|red|triangle|up
🔻	red triangle pointed down	Symbols		down|geometric|pointed|red|triangle
💠	diamond with a dot	Symbols		comic|diamond|dot|geometric
🔘	radio button	Symbols		button|geometric|radio
🔳	white square button	Symbols		button|geometric|outlined|square|white
🔲	black square button	Symbols		black|button|geometric|square
🏁	chequered flag	Flags		checkered|chequered|finish|flag|flags|game|race|racing|sport|win
🚩	triangular flag	Flags		construction|flag|golf|post|triangular
🎌	crossed flags	Flags		celebration|cross|crossed|flags|japanese
🏴	black flag	Flags		black|flag|waving
🏳️	white flag	Flags		flag|waving|white
🏳️‍🌈	rainbow flag	Flags		bisexual|flag|gay|genderqueer|glbt|glbtq|lesbian|lgbt|lgbtq|lgbtqia|pride|queer|rainbow|trans|transgender
🏳️‍⚧️	transgender flag	Flags		blue|flag|light|pink|transgender|white
🏴‍☠️	pirate flag	Flags		flag|jolly|pirate|plunder|roger|treasure
🇦🇨	flag: Ascension Island	Flags		flag
🇦🇩	flag: Andorra	Flags		flag
🇦🇪	flag: United Arab Emirates	Flags		flag
🇦🇫	flag: Afghanistan	Flags		flag
🇦🇬	flag: Antigua & Barbuda	Flags		flag
🇦🇮	flag: Anguilla	Flags		flag
🇦🇱	flag: Albania	Flags		flag
🇦🇲	flag: Armenia	Flags		flag
🇦🇴	flag: Angola	Flags		flag
🇦🇶	flag: Antarctica	Flags		flag
🇦🇷	flag: Argentina	Flags		flag
🇦🇸	flag: American Samoa	Flags		flag
🇦🇹	flag: Austria	Flags		flag
🇦🇺	flag: Australia	Flags		flag
🇦🇼	flag: Aruba	Flags		flag
🇦🇽	flag: Åland Islands	Flags		flag
🇦🇿	flag: Azerbaijan	Flags		flag
🇧🇦	flag: Bosnia & Herzegovina	Flags		flag
🇧🇧	flag: Barbados	Flags		flag
🇧🇩	flag: Bangladesh	Flags		flag
🇧🇪	flag: Belgium	Flags		flag
🇧🇫	flag: Burkina Faso	Flags		flag
🇧🇬	flag: Bulgaria	Flags		flag
🇧🇭	flag: Bahrain	Flags		flag
🇧🇮	flag: Burundi	Flags		flag
🇧🇯	flag: Benin	Flags		flag
🇧🇱	flag: St. Barthélemy	Flags		flag
🇧🇲	flag: Bermuda	Flags		flag
🇧🇳	flag: Brunei	Flags		flag
🇧🇴	flag: Bolivia	Flags		flag
🇧🇶	flag: Caribbean Netherlands	Flags		flag
🇧🇷	flag: Brazil	Flags		flag
🇧🇸	flag: Bahamas	Flags		flag
🇧🇹	flag: Bhutan	Flags		flag
🇧🇻	flag: Bouvet Island	Flags		flag
🇧🇼	flag: Botswana	Flags		flag
🇧🇾	flag: Belarus	Flags		flag
🇧🇿	flag: Belize	Flags		flag
🇨🇦	flag: Canada	Flags		flag
🇨🇨	flag: Cocos (Keeling) Islands	Flags		flag
🇨🇩	flag: Congo - Kinshasa	Flags		flag
🇨🇫	flag: Central African Republic	Flags		flag
🇨🇬	flag: Congo - Brazzaville	Flags		flag
🇨🇭	flag: Switzerland	Flags		flag
🇨🇮	flag: Côte d’Ivoire	Flags		flag
🇨🇰	flag: Cook Islands	Flags		flag
🇨🇱	flag: Chile	Flags		flag
🇨🇲	flag: Cameroon	Flags		flag
🇨🇳	flag: China	Flags		flag
🇨🇴	flag: Colombia	Flags		flag
🇨🇵	flag: Clipperton Island	Flags		flag
🇨🇶	flag: Sark	Flags		flag
🇨🇷	flag: Costa Rica	Flags		flag
🇨🇺	flag: Cuba	Flags		flag
🇨🇻	flag: Cape Verde	Flags		flag
🇨🇼	flag: Curaçao	Flags		flag
🇨🇽	flag: Christmas Island	Flags		flag
🇨🇾	flag: Cyprus	Flags		flag
🇨🇿	flag: Czechia	Flags		flag
🇩🇪	flag: Germany	Flags		flag
🇩🇬	flag: Diego Garcia	Flags		flag
🇩🇯	flag: Djibouti	Flags		flag
🇩🇰	flag: Denmark	Flags		flag
🇩🇲	flag: Dominica	Flags		flag
🇩🇴	flag: Dominican Republic	Flags		flag
🇩🇿	flag: Algeria	Flags		flag
🇪🇦	flag: Ceuta & Melilla	Flags		flag
🇪🇨	flag: Ecuador	Flags		flag
🇪🇪	flag: Estonia	Flags		flag
🇪🇬	flag: Egypt	Flags		flag
🇪🇭	flag: Western Sahara	Flags		flag
🇪🇷	flag: Eritrea	Flags		flag
🇪🇸	flag: Spain	Flags		flag
🇪🇹	flag: Ethiopia	Flags		flag
🇪🇺	flag: European Union	Flags		flag
🇫🇮	flag: Finland	Flags		flag
🇫🇯	flag: Fiji	Flags		flag
🇫🇰	flag: Falkland Islands	Flags		flag
🇫🇲	flag: Micronesia	Flags		flag
🇫🇴	flag: Faroe Islands	Flags		flag
🇫🇷	flag: France	Flags		flag
🇬🇦	flag: Gabon	Flags		flag
🇬🇧	flag: United Kingdom	Flags		flag
🇬🇩	flag: Grenada	Flags		flag
🇬🇪	flag: Georgia	Flags		flag
🇬🇫	flag: French Guiana	Flags		flag
🇬🇬	flag: Guernsey	Flags		flag
🇬🇭	flag: Ghana	Flags		flag
🇬🇮	flag: Gibraltar	Flags		flag
🇬🇱	flag: Greenland	Flags		flag
🇬🇲	flag: Gambia	Flags		flag
🇬🇳	flag: Guinea	Flags		flag
🇬🇵	flag: Guadeloupe	Flags		flag
🇬🇶	flag: Equatorial Guinea	Flags		flag
🇬🇷	flag: Greece	Flags		flag
🇬🇸	flag: South Georgia & South Sandwich Islands	Flags		flag
🇬🇹	flag: Guatemala	Flags		flag
🇬🇺	flag: Guam	Flags		flag
🇬🇼	flag: Guinea-Bissau	Flags		flag
🇬🇾	flag: Guyana	Flags		flag
🇭🇰	flag: Hong Kong SAR China	Flags		flag
🇭🇲	flag: Heard Island & McDonald Islands	Flags		flag
🇭🇳	flag: Honduras	Flags		flag
🇭🇷	flag: Croatia	Flags		flag
🇭🇹	flag: Haiti	Flags		flag
🇭🇺	flag: Hungary	Flags		flag
🇮🇨	flag: Canary Islands	Flags		flag
🇮🇩	flag: Indonesia	Flags		flag
🇮🇪	flag: Ireland	Flags		flag
🇮🇱	flag: Israel	Flags		flag
🇮🇲	flag: Isle of Man	Flags		flag
🇮🇳	flag: India	Flags		flag
🇮🇴	flag: British Indian Ocean Territory	Flags		flag
🇮🇶	flag: Iraq	Flags		flag
🇮🇷	flag: Iran	Flags		flag
🇮🇸	flag: Iceland	Flags		flag
🇮🇹	flag: Italy	Flags		flag
🇯🇪	flag: Jersey	Flags		flag
🇯🇲	flag: Jamaica	Flags		flag
🇯🇴	flag: Jordan	Flags		flag
🇯🇵	flag: Japan	Flags		flag
🇰🇪	flag: Kenya	Flags		flag
🇰🇬	flag: Kyrgyzstan	Flags		flag
🇰🇭	flag: Cambodia	Flags		flag
🇰🇮	flag: Kiribati	Flags		flag
🇰🇲	flag: Comoros	Flags		flag
🇰🇳	flag: St. Kitts & Nevis	Flags		flag
🇰🇵	flag: North Korea	Flags		flag
🇰🇷	flag: South Korea	Flags		flag
🇰🇼	flag: Kuwait	Flags		flag
🇰🇾	flag: Cayman Islands	Flags		flag
🇰🇿	flag: Kazakhstan	Flags		flag
🇱🇦	flag: Laos	Flags		flag
🇱🇧	flag: Lebanon	Flags		flag
🇱🇨	flag: St. Lucia	Flags		flag
🇱🇮	flag: Liechtenstein	Flags		flag
🇱🇰	flag: Sri Lanka	Flags		flag
🇱🇷	flag: Liberia	Flags		flag
🇱🇸	flag: Lesotho	Flags		flag
🇱🇹	flag: Lithuania	Flags		flag
🇱🇺	flag: Luxembourg	Flags		flag
🇱🇻	flag: Latvia	Flags		flag
🇱🇾	flag: Libya	Flags		flag
🇲🇦	flag: Morocco	Flags		flag
🇲🇨	flag: Monaco	Flags		flag
🇲🇩	flag: Moldova	Flags		flag
🇲🇪	flag: Montenegro	Flags		flag
🇲🇫	flag: St. Martin	Flags		flag
🇲🇬	flag: Madagascar	Flags		flag
🇲🇭	flag: Marshall Islands	Flags		flag
🇲🇰	flag: North Macedonia	Flags		flag
🇲🇱	flag: Mali	Flags		flag
🇲🇲	flag: Myanmar (Burma)	Flags		flag
🇲🇳	flag: Mongolia	Flags		flag
🇲🇴	flag: Macao SAR China	Flags		flag
🇲🇵	flag: Northern Mariana Islands	Flags		flag
🇲🇶	flag: Martinique	Flags		flag
🇲🇷	flag: Mauritania	Flags		flag
🇲🇸	flag: Montserrat	Flags		flag
🇲🇹	flag: Malta	Flags		flag
🇲🇺	flag: Mauritius	Flags		flag
🇲🇻	flag: Maldives	Flags		flag
🇲🇼	flag: Malawi	Flags		flag
🇲🇽	flag: Mexico	Flags		flag
🇲🇾	flag: Malaysia	Flags		flag
🇲🇿	flag: Mozambique	Flags		flag
🇳🇦	flag: Namibia	Flags		flag
🇳🇨	flag: New Caledonia	Flags		flag
🇳🇪	flag: Niger	Flags		flag
🇳🇫	flag: Norfolk Island	Flags		flag
🇳🇬	flag: Nigeria	Flags		flag
🇳🇮	flag: Nicaragua	Flags		flag
🇳🇱	flag: Netherlands	Flags		flag
🇳🇴	flag: Norway	Flags		flag
🇳🇵	flag: Nepal	Flags		flag
🇳🇷	flag: Nauru	Flags		flag
🇳🇺	flag: Niue	Flags		flag
🇳🇿	flag: New Zealand	Flags		flag
🇴🇲	flag: Oman	Flags		flag
🇵🇦	flag: Panama	Flags		flag
🇵🇪	flag: Peru	Flags		flag
🇵🇫	flag: French Polynesia	Flags		flag
🇵🇬	flag: Papua New Guinea	Flags		flag
🇵🇭	flag: Philippines	Flags		flag
🇵🇰	flag: Pakistan	Flags		flag
🇵🇱	flag: Poland	Flags		flag
🇵🇲	flag: St. Pierre & Miquelon	Flags		flag
🇵🇳	flag: Pitcairn Islands	Flags		flag
🇵🇷	flag: Puerto Rico	Flags		flag
🇵🇸	flag: Palestinian Territories	Flags		flag
🇵🇹	flag: Portugal	Flags		flag
🇵🇼	flag: Palau	Flags		flag
🇵🇾	flag: Paraguay	Flags		flag
🇶🇦	flag: Qatar	Flags		flag
🇷🇪	flag: Réunion	Flags		flag
🇷🇴	flag: Romania	Flags		flag
🇷🇸	flag: Serbia	Flags		flag
🇷🇺	flag: Russia	Flags		flag
🇷🇼	flag: Rwanda	Flags		flag
🇸🇦	flag: Saudi Arabia	Flags		flag
🇸🇧	flag: Solomon Islands	Flags		flag
🇸🇨	flag: Seychelles	Flags		flag
🇸🇩	flag: Sudan	Flags		flag
🇸🇪	flag: Sweden	Flags		flag
🇸🇬	flag: Singapore	Flags		flag
🇸🇭	flag: St. Helena, Ascension & Tristan da Cunha	Flags		flag
🇸🇮	flag: Slovenia	Flags		flag
🇸🇯	flag: Svalbard & Jan Mayen	Flags		flag
🇸🇰	flag: Slovakia	Flags		flag
🇸🇱	flag: Sierra Leone	Flags		flag
🇸🇲	flag: San Marino	Flags		flag
🇸🇳	flag: Senegal	Flags		flag
🇸🇴	flag: Somalia	Flags		flag
🇸🇷	flag: Suriname	Flags		flag
🇸🇸	flag: South Sudan	Flags		flag
🇸🇹	flag: São Tomé & Príncipe	Flags		flag
🇸🇻	flag: El Salvador	Flags		flag
🇸🇽	flag: Sint Maarten	Flags		flag
🇸🇾	flag: Syria	Flags		flag
🇸🇿	flag: Eswatini	Flags		flag
🇹🇦	flag: Tristan da Cunha	Flags		flag
🇹🇨	flag: Turks & Caicos Islands	Flags		flag
🇹🇩	flag: Chad	Flags		flag
🇹🇫	flag: French Southern and Antarctic Lands	Flags		flag
🇹🇬	flag: Togo	Flags		flag
🇹🇭	flag: Thailand	Flags		flag
🇹🇯	flag: Tajikistan	Flags		flag
🇹🇰	flag: Tokelau	Flags		flag
🇹🇱	flag: Timor-Leste	Flags		flag
🇹🇲	flag: Turkmenistan	Flags		flag
🇹🇳	flag: Tunisia	Flags		flag
🇹🇴	flag: Tonga	Flags		flag
🇹🇷	flag: Türkiye	Flags		flag
🇹🇹	flag: Trinidad & Tobago	Flags		flag
🇹🇻	flag: Tuvalu	Flags		flag
🇹🇼	flag: Taiwan	Flags		flag
🇹🇿	flag: Tanzania	Flags		flag
🇺🇦	flag: Ukraine	Flags		flag
🇺🇬	flag: Uganda	Flags		flag
🇺🇲	flag: U.S. Outlying Islands	Flags		flag
🇺🇳	flag: United Nations	Flags		flag
🇺🇸	flag: United States	Flags		flag
🇺🇾	flag: Uruguay	Flags		flag
🇺🇿	flag: Uzbekistan	Flags		flag
🇻🇦	flag: Vatican City	Flags		flag
🇻🇨	flag: St. Vincent & Grenadines	Flags		flag
🇻🇪	flag: Venezuela	Flags		flag
🇻🇬	flag: British Virgin Islands	Flags		flag
🇻🇮	flag: U.S. Virgin Islands	Flags		flag
🇻🇳	flag: Vietnam	Flags		flag
🇻🇺	flag: Vanuatu	Flags		flag
🇼🇫	flag: Wallis & Futuna	Flags		flag
🇼🇸	flag: Samoa	Flags		flag
🇽🇰	flag: Kosovo	Flags		flag
🇾🇪	flag: Yemen	Flags		flag
🇾🇹	flag: Mayotte	Flags		flag
🇿🇦	flag: South Africa	Flags		flag
🇿🇲	flag: Zambia	Flags		flag
🇿🇼	flag: Zimbabwe	Flags		flag
🏴󠁧󠁢󠁥󠁮󠁧󠁿	flag: England	Flags		flag
🏴󠁧󠁢󠁳󠁣󠁴󠁿	flag: Scotland	Flags		flag
🏴󠁧󠁢󠁷󠁬󠁳󠁿	flag: Wales	Flags		flag
←	left-pointing arrow	Arrows		arrow|left|left-pointing|leftwards arrow
↑	up-pointing arrow	Arrows		arrow|up|up-pointing|upwards arrow
→	right-pointing arrow	Arrows		arrow|right|right-pointing|rightwards arrow
↓	down-pointing arrow	Arrows		arrow|down|down-pointing|downwards arrow
↚	leftwards arrow stroke	Arrows		arrow|leftwards|leftwards arrow with stroke|stroke
↛	rightwards arrow stroke	Arrows		arrow|rightwards|rightwards arrow with stroke|stroke
↜	leftwards wave arrow	Arrows		arrow|leftwards|wave
↝	rightwards wave arrow	Arrows		arrow|rightwards|wave
↞	leftwards two headed arrow	Arrows		arrow|headed|leftwards|two
↟	upwards two headed arrow	Arrows		arrow|headed|two|upwards
↠	rightwards two headed arrow	Arrows		arrow|headed|rightwards|two
↡	downwards two headed arrow	Arrows		arrow|downwards|headed|two
↢	leftwards arrow tail	Arrows		arrow|leftwards|leftwards arrow with tail|tail
↣	rightwards arrow tail	Arrows		arrow|rightwards|rightwards arrow with tail|tail
↤	leftwards arrow from bar	Arrows		arrow|bar|from|leftwards
↥	upwards arrow from bar	Arrows		arrow|bar|from|upwards
↦	rightwards arrow from bar	Arrows		arrow|bar|from|rightwards
↧	downwards arrow from bar	Arrows		arrow|bar|downwards|from
↨	up down arrow with base	Arrows		arrow|base|down|up|with
↫	leftwards arrow loop	Arrows		arrow|leftwards|leftwards arrow with loop|loop
↬	rightwards arrow loop	Arrows		arrow|loop|rightwards|rightwards arrow with loop
↭	left right wave arrow	Arrows		arrow|left|right|wave
↮	left right arrow stroke	Arrows		arrow|left|left right arrow with stroke|right|stroke
↯	downwards zigzag arrow	Arrows		arrow|downwards|zigzag
↰	upwards arrow tip leftwards	Arrows		arrow|leftwards|tip|upwards|upwards arrow with tip leftwards
↱	upwards arrow tip rightwards	Arrows		arrow|rightwards|tip|upwards|upwards arrow with tip rightwards
↲	downwards arrow tip leftwards	Arrows		arrow|downwards|downwards arrow with tip leftwards|leftwards|tip
↳	downwards arrow tip rightwards	Arrows		arrow|downwards|downwards arrow with tip rightwards|rightwards|tip
↴	rightwards arrow corner downwards	Arrows		arrow|corner|downwards|rightwards|rightwards arrow with corner downwards
↵	downwards arrow corner leftwards	Arrows		arrow|corner|downwards|downwards arrow with corner leftwards|leftwards
↶	anticlockwise top semicircle arrow	Arrows		anticlockwise|arrow|semicircle|top
↷	clockwise top semicircle arrow	Arrows		arrow|clockwise|semicircle|top
↸	north west arrow long bar	Arrows		arrow|bar|long|north|north west arrow to long bar|west
↹	leftwards over rightwards arrow bars	Arrows		arrow|bar|bars|leftwards|leftwards arrow to bar over rightwards arrow to bar|over|rightwards
↺	anticlockwise open circle arrow	Arrows		anticlockwise|arrow|circle|open
↻	clockwise open circle arrow	Arrows		arrow|circle|clockwise|open
↼	leftwards harpoon barb upwards	Arrows		arrow|barb|harpoon|leftwards|leftwards harpoon with barb upwards|upwards
↽	leftwards harpoon barb downwards	Arrows		arrow|barb|downwards|harpoon|leftwards|leftwards harpoon with barb downwards
↾	upwards harpoon barb rightwards	Arrows		arrow|barb|harpoon|rightwards|upwards|upwards harpoon with barb rightwards
↿	upwards harpoon barb leftwards	Arrows		arrow|barb|harpoon|leftwards|upwards|upwards harpoon with barb leftwards
⇀	rightwards harpoon barb upwards	Arrows		arrow|barb|harpoon|rightwards|rightwards harpoon with barb upwards|upwards
⇁	rightwards harpoon barb downwards	Arrows		arrow|barb|downwards|harpoon|rightwards|rightwards harpoon with barb downwards
⇂	downwards harpoon barb rightwards	Arrows		arrow|barb|downwards|downwards harpoon with barb rightwards|harpoon|rightwards
⇃	downwards harpoon barb leftwards	Arrows		arrow|barb|downwards|downwards harpoon with barb leftwards|harpoon|leftwards
⇄	rightwards arrow over leftwards arrow	Arrows		arrow|leftwards|over|rightwards
⇅	up-pointing and down-pointing arrows	Arrows		and|arrow|arrows|down|down-pointing|up|up-pointing|upwards arrow leftwards of downwards arrow
⇆	left-pointing over right-pointing arrows	Arrows		arrow|arrows|left|left-pointing|leftwards arrow over rightwards arrow|over|right|right-pointing
⇇	leftwards paired arrows	Arrows		arrow|arrows|leftwards|paired
⇈	upwards paired arrows	Arrows		arrow|arrows|paired|upwards
⇉	rightwards paired arrows	Arrows		arrow|arrows|paired|rightwards
⇊	downwards paired arrows	Arrows		arrow|arrows|downwards|paired
⇋	leftwards harpoon over rightwards harpoon	Arrows		arrow|harpoon|leftwards|over|rightwards
⇌	rightwards harpoon over leftwards harpoon	Arrows		arrow|harpoon|leftwards|over|rightwards
⇍	leftwards double arrow stroke	Arrows		arrow|double|leftwards|leftwards double arrow with stroke|stroke
⇎	left right double arrow stroke	Arrows		arrow|double|left|left right double arrow with stroke|right|stroke
⇏	rightwards double arrow stroke	Arrows		arrow|double|rightwards|rightwards double arrow with stroke|stroke
⇐	leftwards double arrow	Arrows		arrow|double|leftwards
⇑	upwards double arrow	Arrows		arrow|double|upwards
⇒	rightwards double arrow	Arrows		arrow|double|rightwards
⇓	downwards double arrow	Arrows		arrow|double|downwards
⇔	left right double arrow	Arrows		arrow|double|left|right
⇕	up down double arrow	Arrows		arrow
⇖	north west double arrow	Arrows		arrow|double|north|west
⇗	north east double arrow	Arrows		arrow|double|east|north
⇘	south east double arrow	Arrows		arrow|double|east|south
⇙	south west double arrow	Arrows		arrow|double|south|west
⇚	leftwards triple arrow	Arrows		arrow|leftwards|triple
⇛	rightwards triple arrow	Arrows		arrow|rightwards|triple
⇜	leftwards squiggle arrow	Arrows		arrow|leftwards|squiggle
⇝	rightwards squiggle arrow	Arrows		arrow|rightwards|squiggle
⇞	upwards arrow double stroke	Arrows		arrow|double|stroke|upwards|upwards arrow with double stroke
⇟	downwards arrow double stroke	Arrows		arrow|double|downwards|downwards arrow with double stroke|stroke
⇠	leftwards dashed arrow	Arrows		arrow|dashed|leftwards
⇡	upwards dashed arrow	Arrows		arrow|dashed|upwards
⇢	rightwards dashed arrow	Arrows		arrow|dashed|rightwards
⇣	downwards dashed arrow	Arrows		arrow|dashed|downwards
⇤	leftwards arrow bar	Arrows		arrow|backtab|bar|leftwards|leftwards arrow to bar
⇥	rightwards arrow bar	Arrows		arrow|bar|rightwards|rightwards arrow to bar|tab
⇦	leftwards hollow arrow	Arrows		arrow|hollow|leftwards|leftwards white arrow
⇧	upwards hollow arrow	Arrows		arrow|hollow|shift|upwards|upwards white arrow
⇨	rightwards hollow arrow	Arrows		arrow|hollow|rightwards|rightwards white arrow
⇩	downwards hollow arrow	Arrows		arrow|downwards|downwards white arrow|hollow
⇪	upwards hollow arrow from bar	Arrows		arrow|bar|caps lock|from|hollow|upwards|upwards white arrow from bar
⇫	upwards white arrow on pedestal	Arrows		arrow
⇬	upwards white arrow on pedestal with horizontal bar	Arrows		arrow
⇭	upwards white arrow on pedestal with vertical bar	Arrows		arrow
⇮	upwards white double arrow	Arrows		arrow
⇯	upwards white double arrow on pedestal	Arrows		arrow
⇰	rightwards white arrow from wall	Arrows		arrow
⇱	north west arrow to corner	Arrows		arrow
⇲	south east arrow to corner	Arrows		arrow
⇳	up down white arrow	Arrows		arrow
⇴	right arrow with small circle	Arrows		arrow
⇵	downwards arrow leftwards upwards arrow	Arrows		arrow|downwards|downwards arrow leftwards of upwards arrow|leftwards|upwards
⇶	three rightwards arrows	Arrows		arrow
⇷	leftwards arrow with vertical stroke	Arrows		arrow
⇸	rightwards arrow with vertical stroke	Arrows		arrow
⇹	left right arrow with vertical stroke	Arrows		arrow
⇺	leftwards arrow with double vertical stroke	Arrows		arrow
⇻	rightwards arrow with double vertical stroke	Arrows		arrow
⇼	left right arrow with double vertical stroke	Arrows		arrow
⇽	leftwards open-headed arrow	Arrows		arrow
⇾	rightwards open-headed arrow	Arrows		arrow
⇿	left right open-headed arrow	Arrows		arrow
±	plus-minus	Math		math|plus-minus|plus-minus sign
×	multiplication sign	Math		math|multiplication|multiply|sign|times
÷	division sign	Math		divide|division|math|obelus|sign
≈	almost equal	Math		almost|almost equal to|approximate|approximation|equal|math
≠	not equal	Math		equal|inequality|inequation|math|not|not equal to
≤	less-than or equal	Math		equal|equals|inequality|less-than|less-than or equal to|math|or
≥	greater-than or equal	Math		equal|equals|greater-than|greater-than or equal to|inequality|math|or
∞	infinity sign	Math		infinity|math|sign
√	square root	Math		math|radical|radix|root|square|surd
∛	cube root	Math		math
∑	n-ary summation	Math		math|mathematics|n-ary|summation
∏	n-ary product	Math		logic|math|n-ary|product
∫	integral	Math		calculus|integral|math
∮	contour integral	Math		contour|integral|math
∂	partial differential	Math		differential|math|partial
∆	increment	Math		increment|math|triangle
∇	nabla	Math		math|nabla|triangle
∈	element of	Math		contains|element|math|membership|of|set
∉	not an element	Math		an|element|math|not|not an element of
∋	contains as member	Math		as|contains|element|math|member
∩	intersection	Math		intersection|math|set
∪	union	Math		collection|math|set|union
⊂	subset of	Math		math|of|set|subset
⊃	superset	Math		math|mathematics|operator|set|superset|superset of
⊆	subset equal	Math		equal|math|subset|subset of or equal to
⊇	superset equal	Math		equal|equality|math|mathematics|superset|superset of or equal to
∀	for all	Math		all|any|for|given|math|universal
∃	there exists	Math		exists|math|there
∄	there does not exist	Math		math
∅	empty set	Math		empty|math|mathematics|operator|set
¬	negation	Math		math|negation|not|not sign
∧	logical and	Math		ac|and|atque|logical|math|wedge
∨	logical or	Math		math
⊕	circled plus	Math		circled|math|plus
⊗	circled times	Math		circled|math|product|tensor|times
⊙	circled dot operator	Math		circled|dot|math|operator|xnor
∝	proportional	Math		math|proportional|proportional to|proportionality
∠	angle	Math		acute|angle|math
∡	measured angle	Math		math
⊥	up tack	Math		eet|falsum|math|tack|up
∥	parallel	Math		math|parallel|parallel to
∦	not parallel to	Math		math
≡	identical to	Math		exact|identical|math|to|triple
≢	not identical to	Math		math
≅	approximately equal	Math		approximately|approximately equal to|congruence|equal|equality|isomorphism|math|mathematics
∼	tilde operator	Math		math|operator|tilde
≃	asymptotically equal	Math		asymptote|asymptotically|asymptotically equal to|equal|math|mathematics
≪	much less-than	Math		inequality|less-than|math|mathematics|much
≫	much greater-than	Math		greater-than|inequality|math|mathematics|much
∘	ring operator	Math		composition|math|operator|ring
∙	bullet operator	Math		bullet|math|operator
⋅	dot operator	Math		dot|math|operator
∴	therefore	Math		logic|math|therefore
∵	because	Math		because|logic|math
∶	ratio	Math		math|ratio
∷	proportion	Math		math|proportion|proportionality
′	prime	Math		math|prime
″	double prime	Math		double|math|prime
‴	triple prime	Math		math|prime|triple
°	degree	Math		degree|degree sign|hour|math|proof
‰	per mille	Math		math|mil|mille|per|per mille sign|permil|permille
‱	per ten thousand sign	Math		math
ℕ	double-struck capital n	Math		math
ℤ	double-struck capital z	Math		math
ℚ	double-struck capital q	Math		math
ℝ	double-struck capital r	Math		math
ℂ	double-struck capital c	Math		math
ℍ	double-struck capital h	Math		math
ℙ	double-struck capital p	Math		math
ℵ	alef symbol	Math		math
ℏ	planck constant over two pi	Math		math
⌈	left ceiling	Math		math
⌉	right ceiling	Math		math
⌊	left floor	Math		math
⌋	right floor	Math		math
⟨	mathematical left angle bracket	Math		math
⟩	mathematical right angle bracket	Math		math
⟦	mathematical left white square bracket	Math		math
⟧	mathematical right white square bracket	Math		math
∣	divides	Math		divides|divisor|math
∤	does not divide	Math		math
∓	minus-or-plus	Math		math|minus-or-plus|minus-or-plus sign|plus-minus
⊢	right tack	Math		math
⊣	left tack	Math		math
⊤	down tack	Math		math
⊨	true	Math		math
⁰	superscript zero	Math		math
ⁱ	superscript latin small letter i	Math		math
⁴	superscript four	Math		math
⁵	superscript five	Math		math
⁶	superscript six	Math		math
⁷	superscript seven	Math		math
⁸	superscript eight	Math		math
⁹	superscript nine	Math		math
¼	vulgar fraction one quarter	Fractions and numbers		number
½	vulgar fraction one half	Fractions and numbers		number
¾	vulgar fraction three quarters	Fractions and numbers		number
⅓	vulgar fraction one third	Fractions and numbers		number
⅔	vulgar fraction two thirds	Fractions and numbers		number
⅕	vulgar fraction one fifth	Fractions and numbers		number
⅖	vulgar fraction two fifths	Fractions and numbers		number
⅗	vulgar fraction three fifths	Fractions and numbers		number
⅘	vulgar fraction four fifths	Fractions and numbers		number
⅙	vulgar fraction one sixth	Fractions and numbers		number
⅚	vulgar fraction five sixths	Fractions and numbers		number
⅛	vulgar fraction one eighth	Fractions and numbers		number
⅜	vulgar fraction three eighths	Fractions and numbers		number
⅝	vulgar fraction five eighths	Fractions and numbers		number
⅞	vulgar fraction seven eighths	Fractions and numbers		number
¹	superscript one	Fractions and numbers		number|one|superscript
²	superscript two	Fractions and numbers		number|squared|superscript|two
³	superscript three	Fractions and numbers		cubed|number|superscript|three
₀	subscript zero	Fractions and numbers		number
₁	subscript one	Fractions and numbers		number
₂	subscript two	Fractions and numbers		number
₃	subscript three	Fractions and numbers		number
₄	subscript four	Fractions and numbers		number
₅	subscript five	Fractions and numbers		number
₆	subscript six	Fractions and numbers		number
₇	subscript seven	Fractions and numbers		number
₈	subscript eight	Fractions and numbers		number
₉	subscript nine	Fractions and numbers		number
Ⅰ	roman numeral one	Fractions and numbers		number
Ⅱ	roman numeral two	Fractions and numbers		number
Ⅲ	roman numeral three	Fractions and numbers		number
Ⅳ	roman numeral four	Fractions and numbers		number
Ⅴ	roman numeral five	Fractions and numbers		number
Ⅵ	roman numeral six	Fractions and numbers		number
Ⅶ	roman numeral seven	Fractions and numbers		number
Ⅷ	roman numeral eight	Fractions and numbers		number
Ⅸ	roman numeral nine	Fractions and numbers		number
Ⅹ	roman numeral ten	Fractions and numbers		number
Ⅺ	roman numeral eleven	Fractions and numbers		number
Ⅻ	roman numeral twelve	Fractions and numbers		number
①	circled digit one	Fractions and numbers		number
②	circled digit two	Fractions and numbers		number
③	circled digit three	Fractions and numbers		number
④	circled digit four	Fractions and numbers		number
⑤	circled digit five	Fractions and numbers		number
⑥	circled digit six	Fractions and numbers		number
⑦	circled digit seven	Fractions and numbers		number
⑧	circled digit eight	Fractions and numbers		number
⑨	circled digit nine	Fractions and numbers		number
⑩	circled number ten	Fractions and numbers		number
$	dollar	Currency		currency|dollar|dollar sign|money|peso|usd
¢	cent	Currency		cent|cent sign|currency
£	pound	Currency		currency|egp|gbp|pound|pound sign
¤	Unknown Currency	Currency		currency|currency sign
¥	yen	Currency		cny|currency|jpy|yen|yen sign|yuan
ƒ	latin small letter f with hook	Currency		currency
₠	euro-currency sign	Currency		currency
₡	Costa Rican Colón	Currency		colon sign|currency
₢	cruzeiro	Currency		brb|cruzeiro|cruzeiro sign|currency
₣	french franc	Currency		currency|franc|french|french franc sign
₤	lira	Currency		currency|lira|lira sign
₥	mill	Currency		currency|mil|mill|mill sign
₦	Nigerian Naira	Currency		currency|naira sign
₧	Spanish Peseta	Currency		currency|peseta sign
₨	rupee	Currency		currency|rupee|rupee sign
₩	won	Currency		currency|kpw|krw|won|won sign
₪	Israeli New Shekel	Currency		currency|new sheqel sign
₫	Vietnamese Dong	Currency		currency|dong sign
€	euro	Currency		currency|eur|euro|euro sign
₭	Laotian Kip	Currency		currency|kip sign
₮	Mongolian Tugrik	Currency		currency|tugrik sign
₯	drachma sign	Currency		currency
₰	german penny	Currency		currency|german|german penny sign|penny|pfennig
₱	peso	Currency		currency|peso|peso sign
₲	Paraguayan Guarani	Currency		currency|guarani sign
₳	austral	Currency		ara|austral|austral sign|currency
₴	Ukrainian Hryvnia	Currency		currency|hryvnia sign
₵	Ghanaian Cedi	Currency		cedi sign|currency
₶	livre tournois	Currency		currency|livre|livre tournois sign|tournois
₷	spesmilo	Currency		currency|spesmilo|spesmilo sign
₸	Kazakhstani Tenge	Currency		currency|tenge sign
₹	indian rupee	Currency		currency|indian|indian rupee sign|rupee
₺	Turkish Lira	Currency		currency|turkish lira sign
₻	nordic mark sign	Currency		currency
₼	Azerbaijani Manat	Currency		currency|manat sign
₽	ruble	Currency		currency|ruble|ruble sign
₾	Georgian Lari	Currency		currency|lari sign
₿	bitcoin	Currency		bitcoin|bitcoin sign|btc|currency
⃀	som sign	Currency		currency
–	en dash	Punctuation		dash|en|punctuation
—	em dash	Punctuation		dash|em|punctuation
‒	figure dash	Punctuation		punctuation
―	horizontal bar	Punctuation		bar|dash|horizontal|line|punctuation
…	ellipsis	Punctuation		dots|ellipsis|horizontal ellipsis|omission|punctuation
•	bullet	Punctuation		bullet|dot|punctuation
‣	triangular bullet	Punctuation		punctuation
·	middle dot	Punctuation		dot|interpunct|middle|middot|punctuation
‘	left apostrophe	Punctuation		apostrophe|left|left single quotation mark|punctuation|quote|single|smart
’	right apostrophe	Punctuation		apostrophe|punctuation|quote|right|right single quotation mark|single|smart
‚	low right apostrophe	Punctuation		apostrophe|low|punctuation|quote|right|single low-9 quotation mark
‛	single high-reversed-9 quotation mark	Punctuation		punctuation
“	left quotation mark	Punctuation		double|left|left double quotation mark|mark|punctuation|quotation|quote|smart
”	right quotation mark	Punctuation		double|mark|punctuation|quotation|quote|right|right double quotation mark|smart
„	low right quotation mark	Punctuation		double|double low-9 quotation mark|low|mark|punctuation|quotation|quote|right|smart
‟	double high-reversed-9 quotation mark	Punctuation		punctuation
‹	single left-pointing angle quotation mark	Punctuation		punctuation
›	single right-pointing angle quotation mark	Punctuation		punctuation
«	left guillemet	Punctuation		angle|brackets|carets|chevron|guillemet|left|left-pointing double angle quotation mark|punctuation|quote
»	right guillemet	Punctuation		angle|brackets|carets|chevron|guillemet|punctuation|quote|right|right-pointing double angle quotation mark
†	dagger sign	Punctuation		dagger|obelisk|obelus|punctuation|sign
‡	double dagger sign	Punctuation		dagger|double|double dagger|obelisk|obelus|punctuation|sign
§	section	Punctuation		paragraph|part|punctuation|section|section sign|silcrow
¶	paragraph mark	Punctuation		alinea|mark|paragraph|paraph|pilcrow|pilcrow sign|punctuation
℠	service mark	Punctuation		punctuation
‽	interrobang	Punctuation		interabang|interrobang|punctuation
⁂	asterism	Punctuation		asterism|dinkus|punctuation|stars
¡	inverted exclamation mark	Punctuation		bang|exclamation|inverted|mark|point|punctuation
¿	inverted question mark	Punctuation		inverted|mark|punctuation|question
¦	broken bar	Punctuation		punctuation
¨	diaeresis	Punctuation		diaeresis|punctuation|tréma|umlaut
¯	macron	Punctuation		punctuation
´	acute accent	Punctuation		accent|acute|punctuation|tone
¸	cedilla	Punctuation		punctuation
ª	feminine ordinal indicator	Punctuation		punctuation
º	masculine ordinal indicator	Punctuation		punctuation
№	numero sign	Punctuation		punctuation
℗	sound recording copyright	Punctuation		copyright|punctuation|recording|sound
℮	estimated symbol	Punctuation		punctuation
⁓	swung dash	Punctuation		punctuation
⁕	flower punctuation mark	Punctuation		punctuation
※	reference mark	Punctuation		mark|punctuation|reference
⁘	four dot punctuation	Punctuation		punctuation
⁙	five dot punctuation	Punctuation		punctuation
⁚	two dot punctuation	Punctuation		punctuation
⁛	four dot mark	Punctuation		punctuation
⁜	dotted cross	Punctuation		punctuation
⁝	tricolon	Punctuation		punctuation
⁞	vertical four dots	Punctuation		punctuation
⌘	place of interest sign	Keyboard		cmd|command|key
⌥	option key	Keyboard		alt|key|option
⌃	up arrowhead	Keyboard		control|ctrl|key
⎋	broken circle with northwest arrow	Keyboard		esc|escape|key
⏎	return symbol	Keyboard		enter|key|return
⌫	erase to the left	Keyboard		backspace|delete|key
⌦	erase to the right	Keyboard		forward delete|key
⌤	up arrowhead between two horizontal bars	Keyboard		key
␣	open box	Keyboard		key|space
⌧	x in a rectangle box	Keyboard		key
⎆	enter symbol	Keyboard		key
⎇	alternative key symbol	Keyboard		key
⌽	apl functional symbol circle stile	Keyboard		key
⎌	undo symbol	Keyboard		key
■	filled square	Shapes		black square|filled|shape|square
□	hollow square	Shapes		hollow|shape|square|white square
▢	hollow square with rounded corners	Shapes		corners|hollow|rounded|shape|square|white square with rounded corners|with
▣	hollow square containing filled square	Shapes		containing|filled|hollow|shape|square|white square containing black small square
▤	square with horizontal fill	Shapes		fill|horizontal|shape|square|with
▥	square with vertical fill	Shapes		fill|shape|square|vertical|with
▦	square orthogonal crosshatch fill	Shapes		crosshatch|fill|orthogonal|shape|square|square with orthogonal crosshatch fill
▧	square upper left lower right fill	Shapes		fill|left|lower|right|shape|square|square with upper left to lower right fill|upper
▨	square upper right lower left fill	Shapes		fill|left|lower|right|shape|square|square with upper right to lower left fill|upper
▩	square diagonal crosshatch fill	Shapes		crosshatch|diagonal|fill|shape|square|square with diagonal crosshatch fill
▬	filled rectangle	Shapes		black rectangle|filled|rectangle|shape
▭	hollow rectangle	Shapes		hollow|rectangle|shape|white rectangle
▮	filled vertical rectangle	Shapes		black vertical rectangle|filled|rectangle|shape|vertical
▯	white vertical rectangle	Shapes		shape
▰	filled parallelogram	Shapes		black parallelogram|filled|parallelogram|shape
▱	white parallelogram	Shapes		shape
▲	filled up-pointing triangle	Shapes		arrow|black up-pointing triangle|filled|shape|triangle|up|up-pointing
△	hollow up-pointing triangle	Shapes		hollow|shape|triangle|up-pointing|white up-pointing triangle
▴	filled up-pointing small triangle	Shapes		black up-pointing small triangle|filled|shape|small|triangle|up-pointing
▵	hollow up-pointing small triangle	Shapes		hollow|shape|small|triangle|up-pointing|white up-pointing small triangle
▷	hollow right-pointing triangle	Shapes		hollow|right-pointing|shape|triangle|white right-pointing triangle
▸	filled right-pointing small triangle	Shapes		black right-pointing small triangle|filled|right-pointing|shape|small|triangle
▹	hollow right-pointing small triangle	Shapes		hollow|right-pointing|shape|small|triangle|white right-pointing small triangle
►	filled right-pointing pointer	Shapes		black right-pointing pointer|filled|pointer|right-pointing|shape
▻	hollow right-pointing pointer	Shapes		hollow|pointer|right-pointing|shape|white right-pointing pointer
▼	filled down-pointing triangle	Shapes		arrow|black down-pointing triangle|down|down-pointing|filled|shape|triangle
▽	hollow down-pointing triangle	Shapes		down-pointing|hollow|shape|triangle|white down-pointing triangle
▾	filled down-pointing small triangle	Shapes		black down-pointing small triangle|down-pointing|filled|shape|small|triangle
▿	hollow down-pointing small triangle	Shapes		down-pointing|hollow|shape|small|triangle|white down-pointing small triangle
◁	hollow left-pointing triangle	Shapes		hollow|left-pointing|shape|triangle|white left-pointing triangle
◂	filled left-pointing small triangle	Shapes		black left-pointing small triangle|filled|left-pointing|shape|small|triangle
◃	hollow left-pointing small triangle	Shapes		hollow|left-pointing|shape|small|triangle|white left-pointing small triangle
◄	filled left-pointing pointer	Shapes		black left-pointing pointer|filled|left-pointing|pointer|shape
◅	hollow left-pointing pointer	Shapes		hollow|left-pointing|pointer|shape|white left-pointing pointer
◆	filled diamond	Shapes		black diamond|diamond|filled|shape
◇	hollow diamond	Shapes		diamond|hollow|shape|white diamond
◈	hollow diamond containing filled diamond	Shapes		containing|diamond|filled|hollow|shape|white diamond containing black small diamond
◉	hollow circle containing filled circle	Shapes		cicles|circle|circled|concentric|containing|dot|filled|fisheye|hollow|shape|ward
◊	lozenge	Shapes		diamond|lozenge|rhombus|shape
○	hollow circle	Shapes		circle|hollow|ring|shape|white circle
◌	dotted circle	Shapes		circle|dotted|shape
◍	circle with vertical fill	Shapes		circle|fill|shape|vertical|with
◎	concentric circles	Shapes		bullseye|circle|circles|concentric|double|shape|target
●	filled circle	Shapes		black circle|circle|filled|shape
◐	circle left half filled	Shapes		circle|circle with left half black|filled|half|left|shape
◑	circle right half filled	Shapes		circle|circle with right half black|filled|half|right|shape
◒	circle lower half filled	Shapes		circle|circle with lower half black|filled|half|lower|shape
◓	circle upper half filled	Shapes		circle|circle with upper half black|filled|half|shape|upper
◔	circle upper right quadrant filled	Shapes		circle|circle with upper right quadrant black|filled|quadrant|right|shape|upper
◕	circle all but upper left quadrant filled	Shapes		all|but|circle|circle with all but upper left quadrant black|filled|left|quadrant|shape|upper
◖	left half filled circle	Shapes		circle|filled|half|left|left half black circle|shape
◗	right half filled circle	Shapes		circle|filled|half|right|right half black circle|shape
◘	inverse bullet	Shapes		bullet|inverse|shape
◙	filled square containing hollow circle	Shapes		circle|containing|filled|hollow|inverse|inverse white circle|shape|square
◚	upper half inverse white circle	Shapes		shape
◛	lower half inverse white circle	Shapes		shape
◜	upper left quadrant circular arc	Shapes		arc|circular|left|quadrant|shape|upper
◝	upper right quadrant circular arc	Shapes		arc|circular|quadrant|right|shape|upper
◞	lower right quadrant circular arc	Shapes		arc|circular|lower|quadrant|right|shape
◟	lower left quadrant circular arc	Shapes		arc|circular|left|lower|quadrant|shape
◠	upper half circle	Shapes		circle|half|shape|upper
◡	lower half circle	Shapes		circle|half|lower|shape
◢	filled lower right triangle	Shapes		black lower right triangle|filled|lower|right|shape|triangle
◣	filled lower left triangle	Shapes		black lower left triangle|filled|left|lower|shape|triangle
◤	filled upper left triangle	Shapes		black upper left triangle|filled|left|shape|triangle|upper
◥	filled upper right triangle	Shapes		black upper right triangle|filled|right|shape|triangle|upper
◦	hollow bullet	Shapes		bullet|hollow|shape|white bullet
◧	square with left half black	Shapes		shape
◨	square with right half black	Shapes		shape
◩	square with upper left diagonal half black	Shapes		shape
◪	square with lower right diagonal half black	Shapes		shape
◫	white square with vertical bisecting line	Shapes		shape
◬	white up-pointing triangle with dot	Shapes		shape
◭	up-pointing triangle with left half black	Shapes		shape
◮	up-pointing triangle with right half black	Shapes		shape
◯	large hollow circle	Shapes		circle|hollow|large|large circle|ring|shape
◰	white square with upper left quadrant	Shapes		shape
◱	white square with lower left quadrant	Shapes		shape
◲	white square with lower right quadrant	Shapes		shape
◳	hollow square upper right quadrant	Shapes		hollow|quadrant|right|shape|square|upper|white square with upper right quadrant
◴	white circle with upper left quadrant	Shapes		shape
◵	white circle with lower left quadrant	Shapes		shape
◶	white circle with lower right quadrant	Shapes		shape
◷	hollow circle with upper right quadrant	Shapes		circle|hollow|quadrant|right|shape|upper|white circle with upper right quadrant|with
◸	upper left triangle	Shapes		shape
◹	upper right triangle	Shapes		shape
◺	lower left triangle	Shapes		shape
◿	lower right triangle	Shapes		lower|right|shape|triangle
★	black star	Shapes		shape
☆	white star	Shapes		shape
✓	check mark	Shapes		shape
✗	ballot x	Shapes		shape
✘	heavy ballot x	Shapes		shape
✦	black four pointed star	Shapes		shape
✧	white four pointed star	Shapes		shape
♡	white heart suit	Shapes		shape
♢	white diamond suit	Shapes		shape
♤	white spade suit	Shapes		shape
♧	white club suit	Shapes		shape
♩	quarter note	Shapes		shape
♪	eighth note	Shapes		eighth|music|note|shape
♫	beamed eighth notes	Shapes		shape
♬	beamed sixteenth notes	Shapes		shape
☐	ballot box	Shapes		shape
☒	ballot box with x	Shapes		shape
─	box drawings light horizontal	Box drawing		box
━	box drawings heavy horizontal	Box drawing		box
│	box drawings light vertical	Box drawing		box
┃	box drawings heavy vertical	Box drawing		box
┄	box drawings light triple dash horizontal	Box drawing		box
┅	box drawings heavy triple dash horizontal	Box drawing		box
┆	box drawings light triple dash vertical	Box drawing		box
┇	box drawings heavy triple dash vertical	Box drawing		box
┈	box drawings light quadruple dash horizontal	Box drawing		box
┉	box drawings heavy quadruple dash horizontal	Box drawing		box
┊	box drawings light quadruple dash vertical	Box drawing		box
┋	box drawings heavy quadruple dash vertical	Box drawing		box
┌	box drawings light down and right	Box drawing		box
┍	box drawings down light and right heavy	Box drawing		box
┎	box drawings down heavy and right light	Box drawing		box
┏	box drawings heavy down and right	Box drawing		box
┐	box drawings light down and left	Box drawing		box
┑	box drawings down light and left heavy	Box drawing		box
┒	box drawings down heavy and left light	Box drawing		box
┓	box drawings heavy down and left	Box drawing		box
└	box drawings light up and right	Box drawing		box
┕	box drawings up light and right heavy	Box drawing		box
┖	box drawings up heavy and right light	Box drawing		box
┗	box drawings heavy up and right	Box drawing		box
┘	box drawings light up and left	Box drawing		box
┙	box drawings up light and left heavy	Box drawing		box
┚	box drawings up heavy and left light	Box drawing		box
┛	box drawings heavy up and left	Box drawing		box
├	box drawings light vertical and right	Box drawing		box
┝	box drawings vertical light and right heavy	Box drawing		box
┞	box drawings up heavy and right down light	Box drawing		box
┟	box drawings down heavy and right up light	Box drawing		box
┠	box drawings vertical heavy and right light	Box drawing		box
┡	box drawings down light and right up heavy	Box drawing		box
┢	box drawings up light and right down heavy	Box drawing		box
┣	box drawings heavy vertical and right	Box drawing		box
┤	box drawings light vertical and left	Box drawing		box
┥	box drawings vertical light and left heavy	Box drawing		box
┦	box drawings up heavy and left down light	Box drawing		box
┧	box drawings down heavy and left up light	Box drawing		box
┨	box drawings vertical heavy and left light	Box drawing		box
┩	box drawings down light and left up heavy	Box drawing		box
┪	box drawings up light and left down heavy	Box drawing		box
┫	box drawings heavy vertical and left	Box drawing		box
┬	box drawings light down and horizontal	Box drawing		box
┭	box drawings left heavy and right down light	Box drawing		box
┮	box drawings right heavy and left down light	Box drawing		box
┯	box drawings down light and horizontal heavy	Box drawing		box
┰	box drawings down heavy and horizontal light	Box drawing		box
┱	box drawings right light and left down heavy	Box drawing		box
┲	box drawings left light and right down heavy	Box drawing		box
┳	box drawings heavy down and horizontal	Box drawing		box
┴	box drawings light up and horizontal	Box drawing		box
┵	box drawings left heavy and right up light	Box drawing		box
┶	box drawings right heavy and left up light	Box drawing		box
┷	box drawings up light and horizontal heavy	Box drawing		box
┸	box drawings up heavy and horizontal light	Box drawing		box
┹	box drawings right light and left up heavy	Box drawing		box
┺	box drawings left light and right up heavy	Box drawing		box
┻	box drawings heavy up and horizontal	Box drawing		box
┼	box drawings light vertical and horizontal	Box drawing		box
┽	box drawings left heavy and right vertical light	Box drawing		box
┾	box drawings right heavy and left vertical light	Box drawing		box
┿	box drawings vertical light and horizontal heavy	Box drawing		box
╀	box drawings up heavy and down horizontal light	Box drawing		box
╁	box drawings down heavy and up horizontal light	Box drawing		box
╂	box drawings vertical heavy and horizontal light	Box drawing		box
╃	box drawings left up heavy and right down light	Box drawing		box
╄	box drawings right up heavy and left down light	Box drawing		box
╅	box drawings left down heavy and right up light	Box drawing		box
╆	box drawings right down heavy and left up light	Box drawing		box
╇	box drawings down light and up horizontal heavy	Box drawing		box
╈	box drawings up light and down horizontal heavy	Box drawing		box
╉	box drawings right light and left vertical heavy	Box drawing		box
╊	box drawings left light and right vertical heavy	Box drawing		box
╋	box drawings heavy vertical and horizontal	Box drawing		box
╌	box drawings light double dash horizontal	Box drawing		box
╍	box drawings heavy double dash horizontal	Box drawing		box
╎	box drawings light double dash vertical	Box drawing		box
╏	box drawings heavy double dash vertical	Box drawing		box
═	box drawings double horizontal	Box drawing		box
║	box drawings double vertical	Box drawing		box
╒	box drawings down single and right double	Box drawing		box
╓	box drawings down double and right single	Box drawing		box
╔	box drawings double down and right	Box drawing		box
╕	box drawings down single and left double	Box drawing		box
╖	box drawings down double and left single	Box drawing		box
╗	box drawings double down and left	Box drawing		box
╘	box drawings up single and right double	Box drawing		box
╙	box drawings up double and right single	Box drawing		box
╚	box drawings double up and right	Box drawing		box
╛	box drawings up single and left double	Box drawing		box
╜	box drawings up double and left single	Box drawing		box
╝	box drawings double up and left	Box drawing		box
╞	box drawings vertical single and right double	Box drawing		box
╟	box drawings vertical double and right single	Box drawing		box
╠	box drawings double vertical and right	Box drawing		box
╡	box drawings vertical single and left double	Box drawing		box
╢	box drawings vertical double and left single	Box drawing		box
╣	box drawings double vertical and left	Box drawing		box
╤	box drawings down single and horizontal double	Box drawing		box
╥	box drawings down double and horizontal single	Box drawing		box
╦	box drawings double down and horizontal	Box drawing		box
╧	box drawings up single and horizontal double	Box drawing		box
╨	box drawings up double and horizontal single	Box drawing		box
╩	box drawings double up and horizontal	Box drawing		box
╪	box drawings vertical single and horizontal double	Box drawing		box
╫	box drawings vertical double and horizontal single	Box drawing		box
╬	box drawings double vertical and horizontal	Box drawing		box
╭	box drawings light arc down and right	Box drawing		box
╮	box drawings light arc down and left	Box drawing		box
╯	box drawings light arc up and left	Box drawing		box
╰	box drawings light arc up and right	Box drawing		box
╱	box drawings light diagonal upper right to lower left	Box drawing		box
╲	box drawings light diagonal upper left to lower right	Box drawing		box
╳	box drawings light diagonal cross	Box drawing		box
╴	box drawings light left	Box drawing		box
╵	box drawings light up	Box drawing		box
╶	box drawings light right	Box drawing		box
╷	box drawings light down	Box drawing		box
╸	box drawings heavy left	Box drawing		box
╹	box drawings heavy up	Box drawing		box
╺	box drawings heavy right	Box drawing		box
╻	box drawings heavy down	Box drawing		box
╼	box drawings light left and heavy right	Box drawing		box
╽	box drawings light up and heavy down	Box drawing		box
╾	box drawings heavy left and light right	Box drawing		box
╿	box drawings heavy up and light down	Box drawing		box
Α	greek capital letter alpha	Greek		greek
Β	greek capital letter beta	Greek		greek
Γ	greek capital letter gamma	Greek		greek
Δ	greek capital letter delta	Greek		greek
Ε	greek capital letter epsilon	Greek		greek
Ζ	greek capital letter zeta	Greek		greek
Η	greek capital letter eta	Greek		greek
Θ	greek capital letter theta	Greek		greek
Ι	greek capital letter iota	Greek		greek
Κ	greek capital letter kappa	Greek		greek
Λ	greek capital letter lamda	Greek		greek
Μ	greek capital letter mu	Greek		greek
Ν	greek capital letter nu	Greek		greek
Ξ	greek capital letter xi	Greek		greek
Ο	greek capital letter omicron	Greek		greek
Π	greek capital letter pi	Greek		greek
Ρ	greek capital letter rho	Greek		greek
Σ	greek capital letter sigma	Greek		greek
Τ	greek capital letter tau	Greek		greek
Υ	greek capital letter upsilon	Greek		greek
Φ	greek capital letter phi	Greek		greek
Χ	greek capital letter chi	Greek		greek
Ψ	greek capital letter psi	Greek		greek
Ω	greek capital letter omega	Greek		greek
α	greek small letter alpha	Greek		greek
β	greek small letter beta	Greek		greek
γ	greek small letter gamma	Greek		greek
δ	greek small letter delta	Greek		greek
ε	greek small letter epsilon	Greek		greek
ζ	greek small letter zeta	Greek		greek
η	greek small letter eta	Greek		greek
θ	greek small letter theta	Greek		greek
ι	greek small letter iota	Greek		greek
κ	greek small letter kappa	Greek		greek
λ	greek small letter lamda	Greek		greek
μ	greek small letter mu	Greek		greek
ν	greek small letter nu	Greek		greek
ξ	greek small letter xi	Greek		greek
ο	greek small letter omicron	Greek		greek
π	greek small letter pi	Greek		greek
ρ	greek small letter rho	Greek		greek
ς	greek small letter final sigma	Greek		greek
σ	greek small letter sigma	Greek		greek
τ	greek small letter tau	Greek		greek
υ	greek small letter upsilon	Greek		greek
φ	greek small letter phi	Greek		greek
χ	greek small letter chi	Greek		greek
ψ	greek small letter psi	Greek		greek
ω	greek small letter omega	Greek		greek
